Universal Time,Unix Time,Open,High,Low,Close,Volume
2024-09-14 00:00:00,1726272000.0,0.1332,0.1335,0.1332,0.1335,62854.0
2024-09-14 00:01:00,1726272060.0,0.1334,0.1335,0.1334,0.1335,34224.0
2024-09-14 00:02:00,1726272120.0,0.1335,0.1335,0.1334,0.1334,4636.0
2024-09-14 00:03:00,1726272180.0,0.1334,0.1334,0.1333,0.1334,45719.0
2024-09-14 00:04:00,1726272240.0,0.1334,0.1334,0.1333,0.1334,91115.0
2024-09-14 00:05:00,1726272300.0,0.1333,0.1333,0.1333,0.1333,1346.0
2024-09-14 00:06:00,1726272360.0,0.1334,0.1335,0.1332,0.1333,77715.0
2024-09-14 00:07:00,1726272420.0,0.1333,0.1334,0.1333,0.1334,19470.0
2024-09-14 00:08:00,1726272480.0,0.1334,0.1334,0.1333,0.1334,12696.0
2024-09-14 00:09:00,1726272540.0,0.1335,0.1335,0.1335,0.1335,1903.0
2024-09-14 00:10:00,1726272600.0,0.1335,0.1337,0.1334,0.1336,33217.0
2024-09-14 00:11:00,1726272660.0,0.1336,0.1336,0.1336,0.1336,5989.0
2024-09-14 00:12:00,1726272720.0,0.1336,0.1336,0.1336,0.1336,0.0
2024-09-14 00:13:00,1726272780.0,0.1335,0.1335,0.1335,0.1335,720.0
2024-09-14 00:14:00,1726272840.0,0.1335,0.1336,0.1334,0.1335,33649.0
2024-09-14 00:15:00,1726272900.0,0.1335,0.1335,0.1333,0.1333,2780.0
2024-09-14 00:16:00,1726272960.0,0.1334,0.1335,0.1331,0.1331,38449.0
2024-09-14 00:17:00,1726273020.0,0.1332,0.1333,0.1332,0.1333,1215.0
2024-09-14 00:18:00,1726273080.0,0.1333,0.1333,0.1333,0.1333,89.0
2024-09-14 00:19:00,1726273140.0,0.1332,0.1333,0.1332,0.1333,1872.0
2024-09-14 00:20:00,1726273200.0,0.1333,0.1334,0.1333,0.1334,12808.0
2024-09-14 00:21:00,1726273260.0,0.1333,0.1333,0.1333,0.1333,5656.0
2024-09-14 00:22:00,1726273320.0,0.1333,0.1334,0.1331,0.1333,10527.0
2024-09-14 00:23:00,1726273380.0,0.1332,0.1332,0.1331,0.1332,1991.0
2024-09-14 00:24:00,1726273440.0,0.1332,0.1332,0.1331,0.1331,1845.0
2024-09-14 00:25:00,1726273500.0,0.1331,0.1331,0.133,0.1331,27358.0
2024-09-14 00:26:00,1726273560.0,0.1331,0.1331,0.1329,0.1329,16675.0
2024-09-14 00:27:00,1726273620.0,0.133,0.1331,0.133,0.133,14996.0
2024-09-14 00:28:00,1726273680.0,0.133,0.1331,0.133,0.1331,7071.0
2024-09-14 00:29:00,1726273740.0,0.1331,0.1333,0.1331,0.1332,9091.0
2024-09-14 00:30:00,1726273800.0,0.1333,0.1335,0.1332,0.1334,15353.0
2024-09-14 00:31:00,1726273860.0,0.1334,0.1334,0.1334,0.1334,0.0
2024-09-14 00:32:00,1726273920.0,0.1334,0.1334,0.1333,0.1333,330.0
2024-09-14 00:33:00,1726273980.0,0.1333,0.1333,0.1332,0.1332,5803.0
2024-09-14 00:34:00,1726274040.0,0.1331,0.1333,0.1331,0.1333,13754.0
2024-09-14 00:35:00,1726274100.0,0.1331,0.1331,0.1331,0.1331,40.0
2024-09-14 00:36:00,1726274160.0,0.1331,0.1332,0.1331,0.1332,2111.0
2024-09-14 00:37:00,1726274220.0,0.1332,0.1332,0.133,0.1331,3358.0
2024-09-14 00:38:00,1726274280.0,0.1329,0.1329,0.1329,0.1329,611.0
2024-09-14 00:39:00,1726274340.0,0.133,0.1331,0.133,0.1331,751.0
2024-09-14 00:40:00,1726274400.0,0.1331,0.1331,0.1331,0.1331,0.0
2024-09-14 00:41:00,1726274460.0,0.1331,0.1331,0.1331,0.1331,0.0
2024-09-14 00:42:00,1726274520.0,0.1331,0.1331,0.1331,0.1331,0.0
2024-09-14 00:43:00,1726274580.0,0.133,0.1331,0.133,0.1331,3962.0
2024-09-14 00:44:00,1726274640.0,0.1332,0.1332,0.1331,0.1331,398.0
2024-09-14 00:45:00,1726274700.0,0.1331,0.1331,0.1331,0.1331,0.0
2024-09-14 00:46:00,1726274760.0,0.1331,0.1331,0.1331,0.1331,500.0
2024-09-14 00:47:00,1726274820.0,0.1332,0.1332,0.1331,0.1332,521.0
2024-09-14 00:48:00,1726274880.0,0.1332,0.1332,0.1332,0.1332,7578.0
2024-09-14 00:49:00,1726274940.0,0.1332,0.1333,0.1331,0.1332,23052.0
2024-09-14 00:50:00,1726275000.0,0.1333,0.1333,0.1333,0.1333,89.0
2024-09-14 00:51:00,1726275060.0,0.1332,0.1333,0.1332,0.1333,14387.0
2024-09-14 00:52:00,1726275120.0,0.1333,0.1333,0.1333,0.1333,0.0
2024-09-14 00:53:00,1726275180.0,0.1333,0.1333,0.1332,0.1332,544.0
2024-09-14 00:54:00,1726275240.0,0.1332,0.1332,0.1332,0.1332,0.0
2024-09-14 00:55:00,1726275300.0,0.1332,0.1332,0.1332,0.1332,291.0
2024-09-14 00:56:00,1726275360.0,0.1333,0.1333,0.1333,0.1333,2700.0
2024-09-14 00:57:00,1726275420.0,0.1333,0.1333,0.1331,0.1332,42495.0
2024-09-14 00:58:00,1726275480.0,0.1332,0.1332,0.1332,0.1332,8285.0
2024-09-14 00:59:00,1726275540.0,0.1332,0.1333,0.1332,0.1332,5531.0
2024-09-14 01:00:00,1726275600.0,0.1332,0.1333,0.1332,0.1332,29811.0
2024-09-14 01:01:00,1726275660.0,0.1331,0.1331,0.133,0.133,10245.0
2024-09-14 01:02:00,1726275720.0,0.1331,0.1331,0.1331,0.1331,15267.0
2024-09-14 01:03:00,1726275780.0,0.1332,0.1333,0.1332,0.1333,6054.0
2024-09-14 01:04:00,1726275840.0,0.1333,0.1333,0.1333,0.1333,0.0
2024-09-14 01:05:00,1726275900.0,0.1332,0.1332,0.1331,0.1331,4814.0
2024-09-14 01:06:00,1726275960.0,0.1332,0.1332,0.1332,0.1332,6264.0
2024-09-14 01:07:00,1726276020.0,0.1333,0.1333,0.1332,0.1332,4145.0
2024-09-14 01:08:00,1726276080.0,0.1333,0.1333,0.1333,0.1333,8217.0
2024-09-14 01:09:00,1726276140.0,0.1334,0.1335,0.1334,0.1335,10133.0
2024-09-14 01:10:00,1726276200.0,0.1335,0.1336,0.1335,0.1336,6896.0
2024-09-14 01:11:00,1726276260.0,0.1336,0.1337,0.1336,0.1337,22088.0
2024-09-14 01:12:00,1726276320.0,0.1336,0.1337,0.1335,0.1335,30225.0
2024-09-14 01:13:00,1726276380.0,0.1336,0.1336,0.1335,0.1335,4719.0
2024-09-14 01:14:00,1726276440.0,0.1335,0.1335,0.1334,0.1334,2266.0
2024-09-14 01:15:00,1726276500.0,0.1334,0.1335,0.1334,0.1334,15954.0
2024-09-14 01:16:00,1726276560.0,0.1335,0.1335,0.1335,0.1335,9108.0
2024-09-14 01:17:00,1726276620.0,0.1335,0.1335,0.1335,0.1335,5354.0
2024-09-14 01:18:00,1726276680.0,0.1335,0.1336,0.1335,0.1336,227.0
2024-09-14 01:19:00,1726276740.0,0.1336,0.1336,0.1335,0.1336,446.0
2024-09-14 01:20:00,1726276800.0,0.1335,0.1336,0.1335,0.1336,35219.0
2024-09-14 01:21:00,1726276860.0,0.1335,0.1335,0.1335,0.1335,190.0
2024-09-14 01:22:00,1726276920.0,0.1336,0.1336,0.1335,0.1335,2069.0
2024-09-14 01:23:00,1726276980.0,0.1335,0.1335,0.1335,0.1335,0.0
2024-09-14 01:24:00,1726277040.0,0.1335,0.1335,0.1335,0.1335,104.0
2024-09-14 01:25:00,1726277100.0,0.1335,0.1335,0.1335,0.1335,1607.0
2024-09-14 01:26:00,1726277160.0,0.1335,0.1335,0.1335,0.1335,0.0
2024-09-14 01:27:00,1726277220.0,0.1336,0.1336,0.1335,0.1336,32150.0
2024-09-14 01:28:00,1726277280.0,0.1336,0.1336,0.1336,0.1336,25498.0
2024-09-14 01:29:00,1726277340.0,0.1336,0.1337,0.1336,0.1337,3770.0
2024-09-14 01:30:00,1726277400.0,0.1336,0.1336,0.1335,0.1335,24905.0
2024-09-14 01:31:00,1726277460.0,0.1336,0.1336,0.1333,0.1334,57011.0
2024-09-14 01:32:00,1726277520.0,0.1333,0.1334,0.1333,0.1334,296.0
2024-09-14 01:33:00,1726277580.0,0.1334,0.1334,0.1333,0.1334,25009.0
2024-09-14 01:34:00,1726277640.0,0.1333,0.1333,0.1333,0.1333,472.0
2024-09-14 01:35:00,1726277700.0,0.1333,0.1333,0.1333,0.1333,852.0
2024-09-14 01:36:00,1726277760.0,0.1334,0.1334,0.1333,0.1334,850.0
2024-09-14 01:37:00,1726277820.0,0.1334,0.1335,0.1334,0.1335,13919.0
2024-09-14 01:38:00,1726277880.0,0.1335,0.1335,0.1334,0.1334,890.0
2024-09-14 01:39:00,1726277940.0,0.1334,0.1334,0.1334,0.1334,0.0
2024-09-14 01:40:00,1726278000.0,0.1334,0.1335,0.1334,0.1335,16112.0
2024-09-14 01:41:00,1726278060.0,0.1335,0.1335,0.1335,0.1335,0.0
2024-09-14 01:42:00,1726278120.0,0.1335,0.1335,0.1335,0.1335,0.0
2024-09-14 01:43:00,1726278180.0,0.1335,0.1335,0.1335,0.1335,0.0
2024-09-14 01:44:00,1726278240.0,0.1336,0.1336,0.1334,0.1335,4050.0
2024-09-14 01:45:00,1726278300.0,0.1335,0.1335,0.1335,0.1335,371.0
2024-09-14 01:46:00,1726278360.0,0.1335,0.1335,0.1333,0.1334,15470.0
2024-09-14 01:47:00,1726278420.0,0.1334,0.1335,0.1334,0.1335,6193.0
2024-09-14 01:48:00,1726278480.0,0.1335,0.1335,0.1333,0.1334,2476.0
2024-09-14 01:49:00,1726278540.0,0.1333,0.1334,0.1333,0.1334,17784.0
2024-09-14 01:50:00,1726278600.0,0.1334,0.1335,0.1333,0.1333,10390.0
2024-09-14 01:51:00,1726278660.0,0.1334,0.1334,0.1333,0.1333,2065.0
2024-09-14 01:52:00,1726278720.0,0.1333,0.1333,0.1333,0.1333,634.0
2024-09-14 01:53:00,1726278780.0,0.1333,0.1334,0.1333,0.1334,926.0
2024-09-14 01:54:00,1726278840.0,0.1333,0.1333,0.1333,0.1333,11273.0
2024-09-14 01:55:00,1726278900.0,0.1333,0.1333,0.1331,0.1332,31293.0
2024-09-14 01:56:00,1726278960.0,0.1333,0.1334,0.1333,0.1334,28178.0
2024-09-14 01:57:00,1726279020.0,0.1333,0.1334,0.1333,0.1334,9238.0
2024-09-14 01:58:00,1726279080.0,0.1334,0.1334,0.1333,0.1334,484.0
2024-09-14 01:59:00,1726279140.0,0.1333,0.1334,0.1332,0.1333,14578.0
2024-09-14 02:00:00,1726279200.0,0.1333,0.1333,0.1333,0.1333,3403.0
2024-09-14 02:01:00,1726279260.0,0.1333,0.1334,0.1333,0.1334,31154.0
2024-09-14 02:02:00,1726279320.0,0.1334,0.1334,0.1332,0.1332,19791.0
2024-09-14 02:03:00,1726279380.0,0.1332,0.1333,0.1331,0.1331,18110.0
2024-09-14 02:04:00,1726279440.0,0.1331,0.1331,0.1331,0.1331,2289.0
2024-09-14 02:05:00,1726279500.0,0.1331,0.1331,0.1331,0.1331,184.0
2024-09-14 02:06:00,1726279560.0,0.1332,0.1332,0.1332,0.1332,424.0
2024-09-14 02:07:00,1726279620.0,0.1331,0.1331,0.1331,0.1331,12770.0
2024-09-14 02:08:00,1726279680.0,0.1331,0.1331,0.1331,0.1331,0.0
2024-09-14 02:09:00,1726279740.0,0.1332,0.1332,0.1331,0.1332,19411.0
2024-09-14 02:10:00,1726279800.0,0.1333,0.1333,0.1333,0.1333,205.0
2024-09-14 02:11:00,1726279860.0,0.1332,0.1332,0.1331,0.1331,107651.0
2024-09-14 02:12:00,1726279920.0,0.1331,0.1331,0.1331,0.1331,0.0
2024-09-14 02:13:00,1726279980.0,0.1332,0.1332,0.133,0.133,5602.0
2024-09-14 02:14:00,1726280040.0,0.133,0.1331,0.133,0.133,823.0
2024-09-14 02:15:00,1726280100.0,0.133,0.1332,0.133,0.1331,27287.0
2024-09-14 02:16:00,1726280160.0,0.1331,0.1331,0.1331,0.1331,133.0
2024-09-14 02:17:00,1726280220.0,0.1331,0.1331,0.1331,0.1331,16164.0
2024-09-14 02:18:00,1726280280.0,0.133,0.133,0.1329,0.1329,5422.0
2024-09-14 02:19:00,1726280340.0,0.1329,0.1331,0.1329,0.133,14279.0
2024-09-14 02:20:00,1726280400.0,0.133,0.133,0.133,0.133,0.0
2024-09-14 02:21:00,1726280460.0,0.1329,0.1329,0.1329,0.1329,96.0
2024-09-14 02:22:00,1726280520.0,0.1329,0.1329,0.1329,0.1329,684.0
2024-09-14 02:23:00,1726280580.0,0.1329,0.1329,0.1329,0.1329,60.0
2024-09-14 02:24:00,1726280640.0,0.1329,0.1329,0.1329,0.1329,45.0
2024-09-14 02:25:00,1726280700.0,0.133,0.133,0.133,0.133,68.0
2024-09-14 02:26:00,1726280760.0,0.1329,0.133,0.1329,0.133,989.0
2024-09-14 02:27:00,1726280820.0,0.133,0.133,0.133,0.133,455.0
2024-09-14 02:28:00,1726280880.0,0.133,0.133,0.133,0.133,7587.0
2024-09-14 02:29:00,1726280940.0,0.1331,0.1331,0.133,0.133,808.0
2024-09-14 02:30:00,1726281000.0,0.133,0.133,0.133,0.133,15483.0
2024-09-14 02:31:00,1726281060.0,0.133,0.133,0.1328,0.1329,54217.0
2024-09-14 02:32:00,1726281120.0,0.1329,0.1329,0.1328,0.1328,1866.0
2024-09-14 02:33:00,1726281180.0,0.1328,0.1328,0.1328,0.1328,0.0
2024-09-14 02:34:00,1726281240.0,0.1328,0.1328,0.1328,0.1328,555.0
2024-09-14 02:35:00,1726281300.0,0.1328,0.1328,0.1328,0.1328,13386.0
2024-09-14 02:36:00,1726281360.0,0.1327,0.1328,0.1327,0.1328,2493.0
2024-09-14 02:37:00,1726281420.0,0.1329,0.1329,0.1328,0.1328,634.0
2024-09-14 02:38:00,1726281480.0,0.1328,0.1328,0.1328,0.1328,0.0
2024-09-14 02:39:00,1726281540.0,0.1328,0.1328,0.1327,0.1327,10054.0
2024-09-14 02:40:00,1726281600.0,0.1328,0.1329,0.1328,0.1328,5105.0
2024-09-14 02:41:00,1726281660.0,0.1328,0.1328,0.1328,0.1328,0.0
2024-09-14 02:42:00,1726281720.0,0.1329,0.1329,0.1328,0.1328,4190.0
2024-09-14 02:43:00,1726281780.0,0.1329,0.1329,0.1327,0.1327,1519.0
2024-09-14 02:44:00,1726281840.0,0.1327,0.1327,0.1327,0.1327,0.0
2024-09-14 02:45:00,1726281900.0,0.1328,0.1329,0.1328,0.1329,1803.0
2024-09-14 02:46:00,1726281960.0,0.1328,0.1328,0.1327,0.1327,7644.0
2024-09-14 02:47:00,1726282020.0,0.1327,0.1327,0.1327,0.1327,0.0
2024-09-14 02:48:00,1726282080.0,0.1327,0.1327,0.1327,0.1327,7965.0
2024-09-14 02:49:00,1726282140.0,0.1327,0.1327,0.1327,0.1327,0.0
2024-09-14 02:50:00,1726282200.0,0.1326,0.1327,0.1326,0.1327,743.0
2024-09-14 02:51:00,1726282260.0,0.1327,0.1327,0.1327,0.1327,119.0
2024-09-14 02:52:00,1726282320.0,0.1327,0.1327,0.1327,0.1327,94.0
2024-09-14 02:53:00,1726282380.0,0.1326,0.1326,0.1326,0.1326,759.0
2024-09-14 02:54:00,1726282440.0,0.1326,0.1326,0.1326,0.1326,0.0
2024-09-14 02:55:00,1726282500.0,0.1326,0.1327,0.1326,0.1327,173.0
2024-09-14 02:56:00,1726282560.0,0.1327,0.1327,0.1327,0.1327,0.0
2024-09-14 02:57:00,1726282620.0,0.1326,0.1328,0.1326,0.1328,7534.0
2024-09-14 02:58:00,1726282680.0,0.1327,0.1328,0.1327,0.1328,15152.0
2024-09-14 02:59:00,1726282740.0,0.1328,0.1328,0.1326,0.1326,36709.0
2024-09-14 03:00:00,1726282800.0,0.1326,0.1327,0.1326,0.1327,9736.0
2024-09-14 03:01:00,1726282860.0,0.1326,0.1326,0.1325,0.1325,7823.0
2024-09-14 03:02:00,1726282920.0,0.1325,0.1326,0.1325,0.1326,2777.0
2024-09-14 03:03:00,1726282980.0,0.1326,0.1327,0.1326,0.1326,20741.0
2024-09-14 03:04:00,1726283040.0,0.1326,0.1326,0.1326,0.1326,0.0
2024-09-14 03:05:00,1726283100.0,0.1327,0.1327,0.1326,0.1327,21966.0
2024-09-14 03:06:00,1726283160.0,0.1328,0.1328,0.1328,0.1328,654.0
2024-09-14 03:07:00,1726283220.0,0.1328,0.1328,0.1328,0.1328,291.0
2024-09-14 03:08:00,1726283280.0,0.1328,0.1328,0.1327,0.1327,3524.0
2024-09-14 03:09:00,1726283340.0,0.1327,0.1327,0.1326,0.1326,9244.0
2024-09-14 03:10:00,1726283400.0,0.1327,0.1327,0.1327,0.1327,180.0
2024-09-14 03:11:00,1726283460.0,0.1326,0.1326,0.1326,0.1326,53.0
2024-09-14 03:12:00,1726283520.0,0.1327,0.1328,0.1327,0.1327,15965.0
2024-09-14 03:13:00,1726283580.0,0.1327,0.1327,0.1327,0.1327,973.0
2024-09-14 03:14:00,1726283640.0,0.1326,0.1326,0.1326,0.1326,75.0
2024-09-14 03:15:00,1726283700.0,0.1326,0.1327,0.1326,0.1327,3760.0
2024-09-14 03:16:00,1726283760.0,0.1327,0.1328,0.1327,0.1327,26468.0
2024-09-14 03:17:00,1726283820.0,0.1327,0.1327,0.1326,0.1327,713.0
2024-09-14 03:18:00,1726283880.0,0.1327,0.1328,0.1327,0.1328,6064.0
2024-09-14 03:19:00,1726283940.0,0.1328,0.1328,0.1328,0.1328,416.0
2024-09-14 03:20:00,1726284000.0,0.1328,0.1328,0.1328,0.1328,0.0
2024-09-14 03:21:00,1726284060.0,0.1328,0.1328,0.1328,0.1328,0.0
2024-09-14 03:22:00,1726284120.0,0.1328,0.1329,0.1328,0.1329,10181.0
2024-09-14 03:23:00,1726284180.0,0.1328,0.1328,0.1328,0.1328,9642.0
2024-09-14 03:24:00,1726284240.0,0.1327,0.1329,0.1327,0.1329,19040.0
2024-09-14 03:25:00,1726284300.0,0.1329,0.1329,0.1327,0.1328,28804.0
2024-09-14 03:26:00,1726284360.0,0.1328,0.1328,0.1327,0.1328,4638.0
2024-09-14 03:27:00,1726284420.0,0.1328,0.1329,0.1328,0.1328,7217.0
2024-09-14 03:28:00,1726284480.0,0.1328,0.1329,0.1328,0.1329,5054.0
2024-09-14 03:29:00,1726284540.0,0.1328,0.1328,0.1328,0.1328,1857.0
2024-09-14 03:30:00,1726284600.0,0.1328,0.1328,0.1328,0.1328,14361.0
2024-09-14 03:31:00,1726284660.0,0.1328,0.1329,0.1327,0.1327,9455.0
2024-09-14 03:32:00,1726284720.0,0.1328,0.1328,0.1327,0.1327,299.0
2024-09-14 03:33:00,1726284780.0,0.1328,0.1328,0.1327,0.1327,1571.0
2024-09-14 03:34:00,1726284840.0,0.1327,0.1327,0.1327,0.1327,518.0
2024-09-14 03:35:00,1726284900.0,0.1327,0.1327,0.1327,0.1327,355.0
2024-09-14 03:36:00,1726284960.0,0.1327,0.1327,0.1327,0.1327,10969.0
2024-09-14 03:37:00,1726285020.0,0.1327,0.1328,0.1327,0.1327,11811.0
2024-09-14 03:38:00,1726285080.0,0.1327,0.1328,0.1326,0.1328,3704.0
2024-09-14 03:39:00,1726285140.0,0.1327,0.1327,0.1327,0.1327,3307.0
2024-09-14 03:40:00,1726285200.0,0.1327,0.1327,0.1327,0.1327,51.0
2024-09-14 03:41:00,1726285260.0,0.1327,0.1327,0.1327,0.1327,487.0
2024-09-14 03:42:00,1726285320.0,0.1328,0.1328,0.1327,0.1327,124.0
2024-09-14 03:43:00,1726285380.0,0.1328,0.1328,0.1328,0.1328,191.0
2024-09-14 03:44:00,1726285440.0,0.1328,0.1328,0.1328,0.1328,248.0
2024-09-14 03:45:00,1726285500.0,0.1327,0.1327,0.1325,0.1325,58858.0
2024-09-14 03:46:00,1726285560.0,0.1326,0.1326,0.1326,0.1326,9795.0
2024-09-14 03:47:00,1726285620.0,0.1326,0.1326,0.1326,0.1326,55.0
2024-09-14 03:48:00,1726285680.0,0.1327,0.1327,0.1327,0.1327,57.0
2024-09-14 03:49:00,1726285740.0,0.1326,0.1326,0.1326,0.1326,204.0
2024-09-14 03:50:00,1726285800.0,0.1326,0.1326,0.1326,0.1326,76.0
2024-09-14 03:51:00,1726285860.0,0.1326,0.1326,0.1326,0.1326,0.0
2024-09-14 03:52:00,1726285920.0,0.1326,0.1326,0.1326,0.1326,0.0
2024-09-14 03:53:00,1726285980.0,0.1327,0.1328,0.1327,0.1328,9720.0
2024-09-14 03:54:00,1726286040.0,0.1327,0.1328,0.1327,0.1328,8828.0
2024-09-14 03:55:00,1726286100.0,0.1328,0.1328,0.1327,0.1327,338.0
2024-09-14 03:56:00,1726286160.0,0.1328,0.1328,0.1328,0.1328,86.0
2024-09-14 03:57:00,1726286220.0,0.1327,0.1327,0.1327,0.1327,169.0
2024-09-14 03:58:00,1726286280.0,0.1328,0.1328,0.1326,0.1326,5508.0
2024-09-14 03:59:00,1726286340.0,0.1327,0.1327,0.1327,0.1327,268.0
2024-09-14 04:00:00,1726286400.0,0.1327,0.1327,0.1326,0.1326,347.0
2024-09-14 04:01:00,1726286460.0,0.1326,0.1326,0.1326,0.1326,6165.0
2024-09-14 04:02:00,1726286520.0,0.1326,0.1326,0.1326,0.1326,0.0
2024-09-14 04:03:00,1726286580.0,0.1326,0.1326,0.1325,0.1325,5073.0
2024-09-14 04:04:00,1726286640.0,0.1325,0.1325,0.1325,0.1325,0.0
2024-09-14 04:05:00,1726286700.0,0.1325,0.1325,0.1325,0.1325,0.0
2024-09-14 04:06:00,1726286760.0,0.1325,0.1326,0.1325,0.1326,9412.0
2024-09-14 04:07:00,1726286820.0,0.1325,0.1326,0.1324,0.1326,10513.0
2024-09-14 04:08:00,1726286880.0,0.1326,0.1326,0.1326,0.1326,0.0
2024-09-14 04:09:00,1726286940.0,0.1326,0.1328,0.1326,0.1327,109463.0
2024-09-14 04:10:00,1726287000.0,0.1328,0.1328,0.1327,0.1327,471.0
2024-09-14 04:11:00,1726287060.0,0.1327,0.1328,0.1327,0.1327,732.0
2024-09-14 04:12:00,1726287120.0,0.1327,0.1327,0.1327,0.1327,536.0
2024-09-14 04:13:00,1726287180.0,0.1327,0.1327,0.1326,0.1327,8291.0
2024-09-14 04:14:00,1726287240.0,0.1327,0.1327,0.1326,0.1326,181.0
2024-09-14 04:15:00,1726287300.0,0.1326,0.1327,0.1326,0.1327,2391.0
2024-09-14 04:16:00,1726287360.0,0.1327,0.1327,0.1325,0.1325,21384.0
2024-09-14 04:17:00,1726287420.0,0.1325,0.1326,0.1325,0.1326,961.0
2024-09-14 04:18:00,1726287480.0,0.1326,0.1326,0.1324,0.1324,6045.0
2024-09-14 04:19:00,1726287540.0,0.1325,0.1325,0.1324,0.1325,9222.0
2024-09-14 04:20:00,1726287600.0,0.1325,0.1325,0.1324,0.1324,8216.0
2024-09-14 04:21:00,1726287660.0,0.1325,0.1326,0.1324,0.1324,7550.0
2024-09-14 04:22:00,1726287720.0,0.1324,0.1324,0.1324,0.1324,263.0
2024-09-14 04:23:00,1726287780.0,0.1325,0.1326,0.1325,0.1326,1508.0
2024-09-14 04:24:00,1726287840.0,0.1325,0.1325,0.1324,0.1325,6700.0
2024-09-14 04:25:00,1726287900.0,0.1324,0.1327,0.1324,0.1326,111194.0
2024-09-14 04:26:00,1726287960.0,0.1326,0.1327,0.1326,0.1327,264.0
2024-09-14 04:27:00,1726288020.0,0.1327,0.1327,0.1327,0.1327,7815.0
2024-09-14 04:28:00,1726288080.0,0.1328,0.1328,0.1328,0.1328,2063.0
2024-09-14 04:29:00,1726288140.0,0.1328,0.1328,0.1328,0.1328,136.0
2024-09-14 04:30:00,1726288200.0,0.1328,0.1329,0.1328,0.1329,38502.0
2024-09-14 04:31:00,1726288260.0,0.133,0.1331,0.1329,0.133,135309.0
2024-09-14 04:32:00,1726288320.0,0.133,0.1332,0.133,0.1332,122214.0
2024-09-14 04:33:00,1726288380.0,0.1332,0.1332,0.133,0.1331,26784.0
2024-09-14 04:34:00,1726288440.0,0.133,0.133,0.1329,0.1329,23802.0
2024-09-14 04:35:00,1726288500.0,0.1329,0.1329,0.1329,0.1329,60.0
2024-09-14 04:36:00,1726288560.0,0.1329,0.1329,0.1329,0.1329,0.0
2024-09-14 04:37:00,1726288620.0,0.133,0.133,0.133,0.133,9871.0
2024-09-14 04:38:00,1726288680.0,0.1329,0.1329,0.1328,0.1328,2286.0
2024-09-14 04:39:00,1726288740.0,0.1327,0.1328,0.1327,0.1328,11874.0
2024-09-14 04:40:00,1726288800.0,0.1328,0.1328,0.1327,0.1327,1631.0
2024-09-14 04:41:00,1726288860.0,0.1327,0.1327,0.1327,0.1327,4578.0
2024-09-14 04:42:00,1726288920.0,0.1328,0.1328,0.1326,0.1326,1065.0
2024-09-14 04:43:00,1726288980.0,0.1326,0.1326,0.1326,0.1326,170.0
2024-09-14 04:44:00,1726289040.0,0.1326,0.1326,0.1323,0.1324,461963.0
2024-09-14 04:45:00,1726289100.0,0.1323,0.1325,0.1323,0.1324,51553.0
2024-09-14 04:46:00,1726289160.0,0.1325,0.1325,0.1325,0.1325,150.0
2024-09-14 04:47:00,1726289220.0,0.1325,0.1325,0.1325,0.1325,150.0
2024-09-14 04:48:00,1726289280.0,0.1324,0.1325,0.1324,0.1325,833.0
2024-09-14 04:49:00,1726289340.0,0.1324,0.1324,0.1324,0.1324,884.0
2024-09-14 04:50:00,1726289400.0,0.1325,0.1325,0.1323,0.1324,19838.0
2024-09-14 04:51:00,1726289460.0,0.1324,0.1324,0.1324,0.1324,80.0
2024-09-14 04:52:00,1726289520.0,0.1324,0.1325,0.1323,0.1325,46249.0
2024-09-14 04:53:00,1726289580.0,0.1325,0.1325,0.1325,0.1325,7400.0
2024-09-14 04:54:00,1726289640.0,0.1324,0.1324,0.1324,0.1324,55.0
2024-09-14 04:55:00,1726289700.0,0.1324,0.1324,0.1323,0.1324,25052.0
2024-09-14 04:56:00,1726289760.0,0.1324,0.1324,0.1324,0.1324,19168.0
2024-09-14 04:57:00,1726289820.0,0.1324,0.1324,0.1323,0.1323,1524.0
2024-09-14 04:58:00,1726289880.0,0.1323,0.1324,0.1322,0.1324,22687.0
2024-09-14 04:59:00,1726289940.0,0.1324,0.1324,0.1324,0.1324,69848.0
2024-09-14 05:00:00,1726290000.0,0.1323,0.1323,0.1323,0.1323,599.0
2024-09-14 05:01:00,1726290060.0,0.1324,0.1324,0.1322,0.1323,41655.0
2024-09-14 05:02:00,1726290120.0,0.1323,0.1324,0.1323,0.1323,9678.0
2024-09-14 05:03:00,1726290180.0,0.1323,0.1324,0.1323,0.1324,844.0
2024-09-14 05:04:00,1726290240.0,0.1324,0.1324,0.1324,0.1324,2425.0
2024-09-14 05:05:00,1726290300.0,0.1323,0.1324,0.1323,0.1323,4949.0
2024-09-14 05:06:00,1726290360.0,0.1323,0.1324,0.1323,0.1324,4518.0
2024-09-14 05:07:00,1726290420.0,0.1324,0.1324,0.1324,0.1324,91.0
2024-09-14 05:08:00,1726290480.0,0.1324,0.1324,0.1324,0.1324,16368.0
2024-09-14 05:09:00,1726290540.0,0.1323,0.1324,0.1322,0.1322,6682.0
2024-09-14 05:10:00,1726290600.0,0.1323,0.1323,0.1321,0.1322,85568.0
2024-09-14 05:11:00,1726290660.0,0.1322,0.1323,0.1322,0.1323,1144.0
2024-09-14 05:12:00,1726290720.0,0.1323,0.1323,0.1322,0.1322,8670.0
2024-09-14 05:13:00,1726290780.0,0.1323,0.1323,0.1323,0.1323,93.0
2024-09-14 05:14:00,1726290840.0,0.1322,0.1322,0.1322,0.1322,38.0
2024-09-14 05:15:00,1726290900.0,0.1322,0.1323,0.1322,0.1323,1681.0
2024-09-14 05:16:00,1726290960.0,0.1322,0.1322,0.1322,0.1322,4427.0
2024-09-14 05:17:00,1726291020.0,0.1323,0.1323,0.1323,0.1323,726.0
2024-09-14 05:18:00,1726291080.0,0.1322,0.1322,0.1321,0.1321,18594.0
2024-09-14 05:19:00,1726291140.0,0.1321,0.1321,0.1321,0.1321,7282.0
2024-09-14 05:20:00,1726291200.0,0.132,0.1322,0.1319,0.1322,28654.0
2024-09-14 05:21:00,1726291260.0,0.1322,0.1322,0.1322,0.1322,37.0
2024-09-14 05:22:00,1726291320.0,0.1321,0.1321,0.132,0.1321,2464.0
2024-09-14 05:23:00,1726291380.0,0.1321,0.1321,0.1321,0.1321,0.0
2024-09-14 05:24:00,1726291440.0,0.1321,0.1321,0.1321,0.1321,0.0
2024-09-14 05:25:00,1726291500.0,0.132,0.132,0.132,0.132,25050.0
2024-09-14 05:26:00,1726291560.0,0.132,0.132,0.132,0.132,0.0
2024-09-14 05:27:00,1726291620.0,0.1319,0.1321,0.1319,0.132,19407.0
2024-09-14 05:28:00,1726291680.0,0.132,0.1321,0.132,0.1321,821.0
2024-09-14 05:29:00,1726291740.0,0.1321,0.1321,0.132,0.132,9217.0
2024-09-14 05:30:00,1726291800.0,0.132,0.132,0.132,0.132,13492.0
2024-09-14 05:31:00,1726291860.0,0.1319,0.1321,0.1319,0.132,13283.0
2024-09-14 05:32:00,1726291920.0,0.132,0.132,0.1319,0.1319,24315.0
2024-09-14 05:33:00,1726291980.0,0.1319,0.1319,0.1319,0.1319,0.0
2024-09-14 05:34:00,1726292040.0,0.1319,0.1319,0.1315,0.1315,316063.0
2024-09-14 05:35:00,1726292100.0,0.1315,0.1316,0.1314,0.1316,103300.0
2024-09-14 05:36:00,1726292160.0,0.1316,0.1316,0.1316,0.1316,1854.0
2024-09-14 05:37:00,1726292220.0,0.1316,0.1317,0.1316,0.1316,46591.0
2024-09-14 05:38:00,1726292280.0,0.1317,0.1318,0.1316,0.1318,36090.0
2024-09-14 05:39:00,1726292340.0,0.1318,0.1318,0.1318,0.1318,379.0
2024-09-14 05:40:00,1726292400.0,0.1317,0.1317,0.1317,0.1317,11873.0
2024-09-14 05:41:00,1726292460.0,0.1316,0.1318,0.1316,0.1318,18406.0
2024-09-14 05:42:00,1726292520.0,0.1317,0.1317,0.1317,0.1317,8139.0
2024-09-14 05:43:00,1726292580.0,0.1317,0.1317,0.1317,0.1317,1289.0
2024-09-14 05:44:00,1726292640.0,0.1317,0.1317,0.1316,0.1316,1348.0
2024-09-14 05:45:00,1726292700.0,0.1317,0.1317,0.1316,0.1316,161.0
2024-09-14 05:46:00,1726292760.0,0.1316,0.1318,0.1316,0.1318,18703.0
2024-09-14 05:47:00,1726292820.0,0.1317,0.1317,0.1316,0.1317,14075.0
2024-09-14 05:48:00,1726292880.0,0.1316,0.1317,0.1316,0.1317,3100.0
2024-09-14 05:49:00,1726292940.0,0.1317,0.1318,0.1317,0.1317,6850.0
2024-09-14 05:50:00,1726293000.0,0.1316,0.1316,0.1314,0.1314,63951.0
2024-09-14 05:51:00,1726293060.0,0.1314,0.1316,0.1314,0.1314,17535.0
2024-09-14 05:52:00,1726293120.0,0.1315,0.1315,0.1314,0.1314,231.0
2024-09-14 05:53:00,1726293180.0,0.1315,0.1315,0.1315,0.1315,51.0
2024-09-14 05:54:00,1726293240.0,0.1315,0.1315,0.1314,0.1315,2419.0
2024-09-14 05:55:00,1726293300.0,0.1314,0.1314,0.1314,0.1314,101.0
2024-09-14 05:56:00,1726293360.0,0.1314,0.1314,0.1312,0.1313,27160.0
2024-09-14 05:57:00,1726293420.0,0.1313,0.1315,0.1313,0.1313,183142.0
2024-09-14 05:58:00,1726293480.0,0.1313,0.1314,0.1313,0.1313,5001.0
2024-09-14 05:59:00,1726293540.0,0.1314,0.1314,0.1314,0.1314,1018.0
2024-09-14 06:00:00,1726293600.0,0.1313,0.1314,0.1313,0.1313,21477.0
2024-09-14 06:01:00,1726293660.0,0.1313,0.1313,0.131,0.1313,373547.0
2024-09-14 06:02:00,1726293720.0,0.1313,0.1314,0.1313,0.1314,52158.0
2024-09-14 06:03:00,1726293780.0,0.1315,0.1316,0.1315,0.1316,28248.0
2024-09-14 06:04:00,1726293840.0,0.1316,0.1316,0.1315,0.1315,4983.0
2024-09-14 06:05:00,1726293900.0,0.1316,0.1316,0.1314,0.1314,16983.0
2024-09-14 06:06:00,1726293960.0,0.1315,0.1315,0.1314,0.1314,12410.0
2024-09-14 06:07:00,1726294020.0,0.1313,0.1314,0.1313,0.1314,22055.0
2024-09-14 06:08:00,1726294080.0,0.1313,0.1314,0.1313,0.1314,5677.0
2024-09-14 06:09:00,1726294140.0,0.1313,0.1313,0.1313,0.1313,1929.0
2024-09-14 06:10:00,1726294200.0,0.1314,0.1314,0.1312,0.1313,14068.0
2024-09-14 06:11:00,1726294260.0,0.1313,0.1313,0.1313,0.1313,0.0
2024-09-14 06:12:00,1726294320.0,0.1313,0.1313,0.1312,0.1313,4029.0
2024-09-14 06:13:00,1726294380.0,0.1313,0.1314,0.1312,0.1313,38108.0
2024-09-14 06:14:00,1726294440.0,0.1314,0.1315,0.1314,0.1315,32398.0
2024-09-14 06:15:00,1726294500.0,0.1315,0.1316,0.1315,0.1316,126623.0
2024-09-14 06:16:00,1726294560.0,0.1315,0.1317,0.1315,0.1317,7464.0
2024-09-14 06:17:00,1726294620.0,0.1316,0.1317,0.1315,0.1315,5456.0
2024-09-14 06:18:00,1726294680.0,0.1316,0.1316,0.1315,0.1316,31605.0
2024-09-14 06:19:00,1726294740.0,0.1315,0.1316,0.1315,0.1315,11750.0
2024-09-14 06:20:00,1726294800.0,0.1315,0.1316,0.1314,0.1316,1082.0
2024-09-14 06:21:00,1726294860.0,0.1315,0.1316,0.1314,0.1315,19612.0
2024-09-14 06:22:00,1726294920.0,0.1316,0.1316,0.1315,0.1315,3424.0
2024-09-14 06:23:00,1726294980.0,0.1315,0.1316,0.1315,0.1316,1038.0
2024-09-14 06:24:00,1726295040.0,0.1316,0.1319,0.1316,0.1317,223756.0
2024-09-14 06:25:00,1726295100.0,0.1317,0.1318,0.1317,0.1318,8577.0
2024-09-14 06:26:00,1726295160.0,0.1318,0.1318,0.1318,0.1318,3159.0
2024-09-14 06:27:00,1726295220.0,0.1318,0.1318,0.1318,0.1318,48.0
2024-09-14 06:28:00,1726295280.0,0.1318,0.1318,0.1318,0.1318,1441.0
2024-09-14 06:29:00,1726295340.0,0.1317,0.1317,0.1317,0.1317,252.0
2024-09-14 06:30:00,1726295400.0,0.1317,0.1317,0.1316,0.1316,2795.0
2024-09-14 06:31:00,1726295460.0,0.1316,0.1316,0.1316,0.1316,0.0
2024-09-14 06:32:00,1726295520.0,0.1317,0.1317,0.1317,0.1317,2986.0
2024-09-14 06:33:00,1726295580.0,0.1316,0.1316,0.1315,0.1315,2578.0
2024-09-14 06:34:00,1726295640.0,0.1316,0.1318,0.1316,0.1318,66629.0
2024-09-14 06:35:00,1726295700.0,0.1318,0.1318,0.1318,0.1318,76318.0
2024-09-14 06:36:00,1726295760.0,0.1318,0.1318,0.1317,0.1317,21123.0
2024-09-14 06:37:00,1726295820.0,0.1316,0.1316,0.1315,0.1315,925.0
2024-09-14 06:38:00,1726295880.0,0.1316,0.1316,0.1316,0.1316,1440.0
2024-09-14 06:39:00,1726295940.0,0.1315,0.1315,0.1314,0.1314,14544.0
2024-09-14 06:40:00,1726296000.0,0.1313,0.1313,0.1313,0.1313,23033.0
2024-09-14 06:41:00,1726296060.0,0.1314,0.1314,0.1314,0.1314,111.0
2024-09-14 06:42:00,1726296120.0,0.1314,0.1314,0.1314,0.1314,51.0
2024-09-14 06:43:00,1726296180.0,0.1314,0.1315,0.1314,0.1314,12502.0
2024-09-14 06:44:00,1726296240.0,0.1315,0.1315,0.1315,0.1315,198.0
2024-09-14 06:45:00,1726296300.0,0.1315,0.1315,0.1314,0.1314,12580.0
2024-09-14 06:46:00,1726296360.0,0.1314,0.1316,0.1314,0.1316,17827.0
2024-09-14 06:47:00,1726296420.0,0.1316,0.1317,0.1316,0.1317,44272.0
2024-09-14 06:48:00,1726296480.0,0.1316,0.1318,0.1316,0.1318,139434.0
2024-09-14 06:49:00,1726296540.0,0.1319,0.1319,0.1319,0.1319,19403.0
2024-09-14 06:50:00,1726296600.0,0.1319,0.1319,0.1319,0.1319,18347.0
2024-09-14 06:51:00,1726296660.0,0.1318,0.1318,0.1318,0.1318,13562.0
2024-09-14 06:52:00,1726296720.0,0.1318,0.1318,0.1318,0.1318,500.0
2024-09-14 06:53:00,1726296780.0,0.1318,0.1318,0.1318,0.1318,0.0
2024-09-14 06:54:00,1726296840.0,0.1319,0.1319,0.1319,0.1319,122.0
2024-09-14 06:55:00,1726296900.0,0.1318,0.1318,0.1317,0.1317,16294.0
2024-09-14 06:56:00,1726296960.0,0.1317,0.1317,0.1317,0.1317,48.0
2024-09-14 06:57:00,1726297020.0,0.1317,0.1317,0.1316,0.1316,4158.0
2024-09-14 06:58:00,1726297080.0,0.1317,0.1318,0.1317,0.1318,32196.0
2024-09-14 06:59:00,1726297140.0,0.1318,0.1318,0.1318,0.1318,47.0
2024-09-14 07:00:00,1726297200.0,0.1318,0.1319,0.1317,0.1317,85461.0
2024-09-14 07:01:00,1726297260.0,0.1317,0.1318,0.1316,0.1317,81976.0
2024-09-14 07:02:00,1726297320.0,0.1318,0.1318,0.1318,0.1318,55.0
2024-09-14 07:03:00,1726297380.0,0.1318,0.1319,0.1318,0.1319,24691.0
2024-09-14 07:04:00,1726297440.0,0.1319,0.132,0.1319,0.132,148208.0
2024-09-14 07:05:00,1726297500.0,0.132,0.132,0.1319,0.132,8773.0
2024-09-14 07:06:00,1726297560.0,0.132,0.132,0.132,0.132,46.0
2024-09-14 07:07:00,1726297620.0,0.1319,0.1319,0.1319,0.1319,47.0
2024-09-14 07:08:00,1726297680.0,0.132,0.132,0.1319,0.1319,16357.0
2024-09-14 07:09:00,1726297740.0,0.1318,0.1319,0.1317,0.1319,75896.0
2024-09-14 07:10:00,1726297800.0,0.1318,0.1318,0.1318,0.1318,559.0
2024-09-14 07:11:00,1726297860.0,0.1319,0.1319,0.1317,0.1319,55790.0
2024-09-14 07:12:00,1726297920.0,0.1319,0.1319,0.1319,0.1319,119.0
2024-09-14 07:13:00,1726297980.0,0.1318,0.1319,0.1318,0.1319,242.0
2024-09-14 07:14:00,1726298040.0,0.1318,0.1319,0.1318,0.1318,1198.0
2024-09-14 07:15:00,1726298100.0,0.1318,0.1318,0.1318,0.1318,0.0
2024-09-14 07:16:00,1726298160.0,0.1318,0.1318,0.1317,0.1317,15337.0
2024-09-14 07:17:00,1726298220.0,0.1317,0.1317,0.1317,0.1317,0.0
2024-09-14 07:18:00,1726298280.0,0.1318,0.1318,0.1317,0.1317,550.0
2024-09-14 07:19:00,1726298340.0,0.1317,0.1317,0.1317,0.1317,129.0
2024-09-14 07:20:00,1726298400.0,0.1318,0.1318,0.1318,0.1318,13229.0
2024-09-14 07:21:00,1726298460.0,0.1318,0.1319,0.1318,0.1319,241.0
2024-09-14 07:22:00,1726298520.0,0.1318,0.1318,0.1318,0.1318,443.0
2024-09-14 07:23:00,1726298580.0,0.1318,0.1318,0.1318,0.1318,0.0
2024-09-14 07:24:00,1726298640.0,0.1318,0.1319,0.1317,0.1319,28606.0
2024-09-14 07:25:00,1726298700.0,0.1319,0.1319,0.1319,0.1319,0.0
2024-09-14 07:26:00,1726298760.0,0.1318,0.1318,0.1318,0.1318,2261.0
2024-09-14 07:27:00,1726298820.0,0.1318,0.1319,0.1318,0.1319,4706.0
2024-09-14 07:28:00,1726298880.0,0.1319,0.1319,0.1319,0.1319,0.0
2024-09-14 07:29:00,1726298940.0,0.1319,0.1319,0.1319,0.1319,379.0
2024-09-14 07:30:00,1726299000.0,0.1319,0.1319,0.1318,0.1318,801.0
2024-09-14 07:31:00,1726299060.0,0.1319,0.132,0.1319,0.1319,7985.0
2024-09-14 07:32:00,1726299120.0,0.132,0.132,0.1319,0.1319,809.0
2024-09-14 07:33:00,1726299180.0,0.1319,0.1319,0.1319,0.1319,0.0
2024-09-14 07:34:00,1726299240.0,0.1319,0.1319,0.1319,0.1319,95.0
2024-09-14 07:35:00,1726299300.0,0.1319,0.1319,0.1319,0.1319,483.0
2024-09-14 07:36:00,1726299360.0,0.132,0.132,0.1319,0.1319,641.0
2024-09-14 07:37:00,1726299420.0,0.1319,0.132,0.1318,0.132,36050.0
2024-09-14 07:38:00,1726299480.0,0.1319,0.1319,0.1318,0.1318,948.0
2024-09-14 07:39:00,1726299540.0,0.1318,0.1318,0.1318,0.1318,0.0
2024-09-14 07:40:00,1726299600.0,0.1319,0.1319,0.1319,0.1319,2015.0
2024-09-14 07:41:00,1726299660.0,0.1319,0.1319,0.1318,0.1318,772.0
2024-09-14 07:42:00,1726299720.0,0.1318,0.1318,0.1318,0.1318,0.0
2024-09-14 07:43:00,1726299780.0,0.1318,0.1318,0.1318,0.1318,85.0
2024-09-14 07:44:00,1726299840.0,0.1319,0.1319,0.1318,0.1318,28683.0
2024-09-14 07:45:00,1726299900.0,0.1318,0.1318,0.1318,0.1318,75.0
2024-09-14 07:46:00,1726299960.0,0.1319,0.132,0.1318,0.1318,33314.0
2024-09-14 07:47:00,1726300020.0,0.1319,0.1319,0.1319,0.1319,9919.0
2024-09-14 07:48:00,1726300080.0,0.1319,0.1319,0.1319,0.1319,0.0
2024-09-14 07:49:00,1726300140.0,0.1319,0.1319,0.1319,0.1319,4165.0
2024-09-14 07:50:00,1726300200.0,0.132,0.132,0.132,0.132,5124.0
2024-09-14 07:51:00,1726300260.0,0.1319,0.132,0.1319,0.132,97.0
2024-09-14 07:52:00,1726300320.0,0.1319,0.132,0.1319,0.132,784.0
2024-09-14 07:53:00,1726300380.0,0.1319,0.1319,0.1319,0.1319,23727.0
2024-09-14 07:54:00,1726300440.0,0.132,0.132,0.132,0.132,47.0
2024-09-14 07:55:00,1726300500.0,0.132,0.132,0.1319,0.132,130.0
2024-09-14 07:56:00,1726300560.0,0.132,0.1321,0.1319,0.1321,27108.0
2024-09-14 07:57:00,1726300620.0,0.132,0.132,0.132,0.132,237.0
2024-09-14 07:58:00,1726300680.0,0.1321,0.1321,0.132,0.132,307.0
2024-09-14 07:59:00,1726300740.0,0.1321,0.1321,0.132,0.1321,5187.0
2024-09-14 08:00:00,1726300800.0,0.132,0.1321,0.1318,0.1319,25665.0
2024-09-14 08:01:00,1726300860.0,0.1318,0.1318,0.1318,0.1318,29875.0
2024-09-14 08:02:00,1726300920.0,0.1317,0.1317,0.1317,0.1317,92.0
2024-09-14 08:03:00,1726300980.0,0.1317,0.1317,0.1317,0.1317,0.0
2024-09-14 08:04:00,1726301040.0,0.1318,0.1318,0.1318,0.1318,15192.0
2024-09-14 08:05:00,1726301100.0,0.1318,0.1318,0.1317,0.1318,18670.0
2024-09-14 08:06:00,1726301160.0,0.1318,0.1318,0.1311,0.1314,1296989.0
2024-09-14 08:07:00,1726301220.0,0.1314,0.1315,0.1313,0.1315,46956.0
2024-09-14 08:08:00,1726301280.0,0.1314,0.1315,0.1313,0.1315,2910.0
2024-09-14 08:09:00,1726301340.0,0.1315,0.1315,0.1314,0.1314,233.0
2024-09-14 08:10:00,1726301400.0,0.1315,0.1316,0.1315,0.1316,20468.0
2024-09-14 08:11:00,1726301460.0,0.1315,0.1315,0.1315,0.1315,47.0
2024-09-14 08:12:00,1726301520.0,0.1315,0.1316,0.1315,0.1315,13792.0
2024-09-14 08:13:00,1726301580.0,0.1314,0.1315,0.1314,0.1315,23894.0
2024-09-14 08:14:00,1726301640.0,0.1315,0.1315,0.1315,0.1315,11056.0
2024-09-14 08:15:00,1726301700.0,0.1315,0.1315,0.1315,0.1315,0.0
2024-09-14 08:16:00,1726301760.0,0.1314,0.1314,0.1314,0.1314,152.0
2024-09-14 08:17:00,1726301820.0,0.1315,0.1316,0.1314,0.1316,20610.0
2024-09-14 08:18:00,1726301880.0,0.1316,0.1316,0.1316,0.1316,948.0
2024-09-14 08:19:00,1726301940.0,0.1316,0.1316,0.1316,0.1316,0.0
2024-09-14 08:20:00,1726302000.0,0.1315,0.1315,0.1314,0.1314,3110.0
2024-09-14 08:21:00,1726302060.0,0.1314,0.1315,0.1314,0.1315,1311.0
2024-09-14 08:22:00,1726302120.0,0.1315,0.1315,0.1315,0.1315,95.0
2024-09-14 08:23:00,1726302180.0,0.1315,0.1315,0.1315,0.1315,114.0
2024-09-14 08:24:00,1726302240.0,0.1314,0.1314,0.1313,0.1313,17033.0
2024-09-14 08:25:00,1726302300.0,0.1313,0.1314,0.1313,0.1314,92.0
2024-09-14 08:26:00,1726302360.0,0.1313,0.1313,0.1312,0.1313,9130.0
2024-09-14 08:27:00,1726302420.0,0.1312,0.1312,0.1312,0.1312,47.0
2024-09-14 08:28:00,1726302480.0,0.1313,0.1313,0.1313,0.1313,10401.0
2024-09-14 08:29:00,1726302540.0,0.1312,0.1313,0.1312,0.1312,591.0
2024-09-14 08:30:00,1726302600.0,0.1313,0.1313,0.1312,0.1313,7544.0
2024-09-14 08:31:00,1726302660.0,0.1313,0.1314,0.1313,0.1314,15567.0
2024-09-14 08:32:00,1726302720.0,0.1313,0.1314,0.1313,0.1314,26860.0
2024-09-14 08:33:00,1726302780.0,0.1314,0.1314,0.1314,0.1314,47.0
2024-09-14 08:34:00,1726302840.0,0.1314,0.1315,0.1314,0.1315,1097.0
2024-09-14 08:35:00,1726302900.0,0.1315,0.1315,0.1315,0.1315,30146.0
2024-09-14 08:36:00,1726302960.0,0.1315,0.1315,0.1314,0.1314,2880.0
2024-09-14 08:37:00,1726303020.0,0.1315,0.1315,0.1313,0.1314,9745.0
2024-09-14 08:38:00,1726303080.0,0.1314,0.1314,0.1314,0.1314,45.0
2024-09-14 08:39:00,1726303140.0,0.1314,0.1314,0.1313,0.1314,1025.0
2024-09-14 08:40:00,1726303200.0,0.1314,0.1314,0.1313,0.1314,347.0
2024-09-14 08:41:00,1726303260.0,0.1313,0.1314,0.1313,0.1314,355.0
2024-09-14 08:42:00,1726303320.0,0.1314,0.1314,0.1313,0.1313,54479.0
2024-09-14 08:43:00,1726303380.0,0.1312,0.1313,0.1312,0.1312,190.0
2024-09-14 08:44:00,1726303440.0,0.1313,0.1313,0.1312,0.1313,2783.0
2024-09-14 08:45:00,1726303500.0,0.1312,0.1312,0.1311,0.1312,4021.0
2024-09-14 08:46:00,1726303560.0,0.1312,0.1312,0.1311,0.1312,4945.0
2024-09-14 08:47:00,1726303620.0,0.1311,0.1312,0.1308,0.1309,271462.0
2024-09-14 08:48:00,1726303680.0,0.1308,0.1309,0.1308,0.1308,5565.0
2024-09-14 08:49:00,1726303740.0,0.1307,0.1309,0.1307,0.1309,8967.0
2024-09-14 08:50:00,1726303800.0,0.1309,0.1309,0.1309,0.1309,94.0
2024-09-14 08:51:00,1726303860.0,0.1309,0.131,0.1308,0.131,10302.0
2024-09-14 08:52:00,1726303920.0,0.131,0.131,0.1309,0.1309,866.0
2024-09-14 08:53:00,1726303980.0,0.131,0.131,0.1309,0.1309,142.0
2024-09-14 08:54:00,1726304040.0,0.131,0.131,0.131,0.131,137.0
2024-09-14 08:55:00,1726304100.0,0.1309,0.1311,0.1309,0.1311,9140.0
2024-09-14 08:56:00,1726304160.0,0.131,0.1311,0.131,0.131,1841.0
2024-09-14 08:57:00,1726304220.0,0.131,0.131,0.1309,0.1309,1662.0
2024-09-14 08:58:00,1726304280.0,0.131,0.131,0.1309,0.1309,233.0
2024-09-14 08:59:00,1726304340.0,0.131,0.131,0.131,0.131,92.0
2024-09-14 09:00:00,1726304400.0,0.1309,0.131,0.1309,0.1309,4517.0
2024-09-14 09:01:00,1726304460.0,0.131,0.1312,0.1309,0.1312,57465.0
2024-09-14 09:02:00,1726304520.0,0.1312,0.1312,0.1311,0.1312,35642.0
2024-09-14 09:03:00,1726304580.0,0.1312,0.1313,0.1312,0.1313,6454.0
2024-09-14 09:04:00,1726304640.0,0.1312,0.1312,0.1312,0.1312,327.0
2024-09-14 09:05:00,1726304700.0,0.1312,0.1312,0.1312,0.1312,144.0
2024-09-14 09:06:00,1726304760.0,0.1312,0.1314,0.1312,0.1314,5410.0
2024-09-14 09:07:00,1726304820.0,0.1313,0.1314,0.1313,0.1314,2927.0
2024-09-14 09:08:00,1726304880.0,0.1313,0.1314,0.1313,0.1314,574.0
2024-09-14 09:09:00,1726304940.0,0.1313,0.1314,0.1313,0.1314,585.0
2024-09-14 09:10:00,1726305000.0,0.1313,0.1313,0.1313,0.1313,47.0
2024-09-14 09:11:00,1726305060.0,0.1314,0.1315,0.1313,0.1315,10089.0
2024-09-14 09:12:00,1726305120.0,0.1315,0.1317,0.1315,0.1317,16066.0
2024-09-14 09:13:00,1726305180.0,0.1316,0.1317,0.1316,0.1317,175.0
2024-09-14 09:14:00,1726305240.0,0.1316,0.1317,0.1316,0.1317,28776.0
2024-09-14 09:15:00,1726305300.0,0.1316,0.1316,0.1315,0.1315,1156.0
2024-09-14 09:16:00,1726305360.0,0.1315,0.1315,0.1315,0.1315,329.0
2024-09-14 09:17:00,1726305420.0,0.1315,0.1316,0.1315,0.1315,263.0
2024-09-14 09:18:00,1726305480.0,0.1314,0.1314,0.1313,0.1313,599.0
2024-09-14 09:19:00,1726305540.0,0.1314,0.1314,0.1314,0.1314,94.0
2024-09-14 09:20:00,1726305600.0,0.1313,0.1313,0.1312,0.1312,13238.0
2024-09-14 09:21:00,1726305660.0,0.1313,0.1313,0.1309,0.1311,93069.0
2024-09-14 09:22:00,1726305720.0,0.1312,0.1313,0.1311,0.1313,17265.0
2024-09-14 09:23:00,1726305780.0,0.1312,0.1314,0.1312,0.1313,4845.0
2024-09-14 09:24:00,1726305840.0,0.1313,0.1313,0.1312,0.1312,5989.0
2024-09-14 09:25:00,1726305900.0,0.1312,0.1313,0.1312,0.1312,8411.0
2024-09-14 09:26:00,1726305960.0,0.1312,0.1312,0.1312,0.1312,7327.0
2024-09-14 09:27:00,1726306020.0,0.1313,0.1313,0.1313,0.1313,47.0
2024-09-14 09:28:00,1726306080.0,0.1312,0.1312,0.1312,0.1312,47.0
2024-09-14 09:29:00,1726306140.0,0.1313,0.1313,0.1312,0.1312,550.0
2024-09-14 09:30:00,1726306200.0,0.1312,0.1312,0.1312,0.1312,98.0
2024-09-14 09:31:00,1726306260.0,0.1313,0.1313,0.1313,0.1313,32175.0
2024-09-14 09:32:00,1726306320.0,0.1312,0.1312,0.1312,0.1312,296.0
2024-09-14 09:33:00,1726306380.0,0.1313,0.1313,0.1313,0.1313,7445.0
2024-09-14 09:34:00,1726306440.0,0.1313,0.1313,0.1312,0.1312,129.0
2024-09-14 09:35:00,1726306500.0,0.1312,0.1313,0.1312,0.1313,18676.0
2024-09-14 09:36:00,1726306560.0,0.1313,0.1313,0.1313,0.1313,2341.0
2024-09-14 09:37:00,1726306620.0,0.1313,0.1313,0.1312,0.1312,34502.0
2024-09-14 09:38:00,1726306680.0,0.1312,0.1313,0.1312,0.1312,1393.0
2024-09-14 09:39:00,1726306740.0,0.1312,0.1313,0.1312,0.1313,191.0
2024-09-14 09:40:00,1726306800.0,0.1313,0.1313,0.1312,0.1313,803.0
2024-09-14 09:41:00,1726306860.0,0.1312,0.1313,0.1311,0.1312,15294.0
2024-09-14 09:42:00,1726306920.0,0.1312,0.1312,0.1311,0.1311,138.0
2024-09-14 09:43:00,1726306980.0,0.1311,0.1312,0.131,0.131,18641.0
2024-09-14 09:44:00,1726307040.0,0.131,0.1311,0.131,0.1311,10011.0
2024-09-14 09:45:00,1726307100.0,0.1311,0.1311,0.131,0.131,30687.0
2024-09-14 09:46:00,1726307160.0,0.131,0.1311,0.131,0.131,1143.0
2024-09-14 09:47:00,1726307220.0,0.131,0.1311,0.131,0.1311,2828.0
2024-09-14 09:48:00,1726307280.0,0.131,0.1311,0.131,0.1311,32165.0
2024-09-14 09:49:00,1726307340.0,0.1311,0.1312,0.131,0.1311,16993.0
2024-09-14 09:50:00,1726307400.0,0.1312,0.1313,0.1311,0.1313,5456.0
2024-09-14 09:51:00,1726307460.0,0.1312,0.1314,0.1312,0.1314,13494.0
2024-09-14 09:52:00,1726307520.0,0.1313,0.1315,0.1313,0.1315,12495.0
2024-09-14 09:53:00,1726307580.0,0.1314,0.1315,0.1313,0.1314,23559.0
2024-09-14 09:54:00,1726307640.0,0.1315,0.1316,0.1314,0.1316,11355.0
2024-09-14 09:55:00,1726307700.0,0.1316,0.1316,0.1316,0.1316,0.0
2024-09-14 09:56:00,1726307760.0,0.1316,0.1317,0.1316,0.1317,18457.0
2024-09-14 09:57:00,1726307820.0,0.1317,0.1317,0.1316,0.1317,11383.0
2024-09-14 09:58:00,1726307880.0,0.1317,0.1317,0.1317,0.1317,0.0
2024-09-14 09:59:00,1726307940.0,0.1316,0.1316,0.1316,0.1316,241.0
2024-09-14 10:00:00,1726308000.0,0.1317,0.1317,0.1316,0.1316,2750.0
2024-09-14 10:01:00,1726308060.0,0.1315,0.1316,0.1315,0.1316,198.0
2024-09-14 10:02:00,1726308120.0,0.1316,0.1316,0.1315,0.1315,7353.0
2024-09-14 10:03:00,1726308180.0,0.1315,0.1315,0.1315,0.1315,0.0
2024-09-14 10:04:00,1726308240.0,0.1315,0.1315,0.1315,0.1315,761.0
2024-09-14 10:05:00,1726308300.0,0.1315,0.1315,0.1315,0.1315,0.0
2024-09-14 10:06:00,1726308360.0,0.1314,0.1316,0.1314,0.1316,8058.0
2024-09-14 10:07:00,1726308420.0,0.1316,0.1316,0.1315,0.1315,15755.0
2024-09-14 10:08:00,1726308480.0,0.1316,0.1317,0.1315,0.1317,12323.0
2024-09-14 10:09:00,1726308540.0,0.1317,0.1317,0.1317,0.1317,209.0
2024-09-14 10:10:00,1726308600.0,0.1316,0.1316,0.1315,0.1315,23959.0
2024-09-14 10:11:00,1726308660.0,0.1315,0.1315,0.1314,0.1315,598.0
2024-09-14 10:12:00,1726308720.0,0.1315,0.1315,0.1315,0.1315,0.0
2024-09-14 10:13:00,1726308780.0,0.1314,0.1314,0.1313,0.1313,3180.0
2024-09-14 10:14:00,1726308840.0,0.1313,0.1315,0.1313,0.1315,12913.0
2024-09-14 10:15:00,1726308900.0,0.1315,0.1315,0.1313,0.1314,27283.0
2024-09-14 10:16:00,1726308960.0,0.1313,0.1314,0.1312,0.1314,23510.0
2024-09-14 10:17:00,1726309020.0,0.1314,0.1314,0.1314,0.1314,47.0
2024-09-14 10:18:00,1726309080.0,0.1314,0.1314,0.1314,0.1314,250.0
2024-09-14 10:19:00,1726309140.0,0.1314,0.1314,0.1314,0.1314,0.0
2024-09-14 10:20:00,1726309200.0,0.1315,0.1315,0.1313,0.1313,18444.0
2024-09-14 10:21:00,1726309260.0,0.1314,0.1314,0.1313,0.1314,948.0
2024-09-14 10:22:00,1726309320.0,0.1314,0.1314,0.1313,0.1314,1532.0
2024-09-14 10:23:00,1726309380.0,0.1313,0.1313,0.1312,0.1312,6747.0
2024-09-14 10:24:00,1726309440.0,0.1313,0.1313,0.1313,0.1313,16921.0
2024-09-14 10:25:00,1726309500.0,0.1313,0.1316,0.1313,0.1315,27273.0
2024-09-14 10:26:00,1726309560.0,0.1314,0.1315,0.1314,0.1315,498.0
2024-09-14 10:27:00,1726309620.0,0.1315,0.1315,0.1315,0.1315,1968.0
2024-09-14 10:28:00,1726309680.0,0.1315,0.1315,0.1315,0.1315,0.0
2024-09-14 10:29:00,1726309740.0,0.1315,0.1316,0.1314,0.1314,15706.0
2024-09-14 10:30:00,1726309800.0,0.1314,0.1315,0.1313,0.1313,29788.0
2024-09-14 10:31:00,1726309860.0,0.1314,0.1315,0.1313,0.1313,8470.0
2024-09-14 10:32:00,1726309920.0,0.1314,0.1314,0.1314,0.1314,200.0
2024-09-14 10:33:00,1726309980.0,0.1313,0.1313,0.1313,0.1313,1126.0
2024-09-14 10:34:00,1726310040.0,0.1313,0.1313,0.1313,0.1313,11607.0
2024-09-14 10:35:00,1726310100.0,0.1313,0.1313,0.1313,0.1313,2694.0
2024-09-14 10:36:00,1726310160.0,0.1314,0.1315,0.1314,0.1314,8478.0
2024-09-14 10:37:00,1726310220.0,0.1314,0.1315,0.1313,0.1315,25637.0
2024-09-14 10:38:00,1726310280.0,0.1314,0.1315,0.1313,0.1314,15049.0
2024-09-14 10:39:00,1726310340.0,0.1314,0.1314,0.1314,0.1314,0.0
2024-09-14 10:40:00,1726310400.0,0.1314,0.1314,0.1314,0.1314,0.0
2024-09-14 10:41:00,1726310460.0,0.1313,0.1314,0.1313,0.1314,814.0
2024-09-14 10:42:00,1726310520.0,0.1313,0.1313,0.1313,0.1313,3500.0
2024-09-14 10:43:00,1726310580.0,0.1312,0.1312,0.1312,0.1312,839.0
2024-09-14 10:44:00,1726310640.0,0.1313,0.1313,0.1312,0.1312,9186.0
2024-09-14 10:45:00,1726310700.0,0.1311,0.1312,0.1311,0.1311,1795.0
2024-09-14 10:46:00,1726310760.0,0.1311,0.1311,0.1311,0.1311,465.0
2024-09-14 10:47:00,1726310820.0,0.131,0.1311,0.1308,0.131,13372.0
2024-09-14 10:48:00,1726310880.0,0.1309,0.1309,0.1307,0.1308,60187.0
2024-09-14 10:49:00,1726310940.0,0.1308,0.1308,0.1306,0.1307,43244.0
2024-09-14 10:50:00,1726311000.0,0.1307,0.1307,0.1307,0.1307,11292.0
2024-09-14 10:51:00,1726311060.0,0.1307,0.1308,0.1307,0.1307,7611.0
2024-09-14 10:52:00,1726311120.0,0.1307,0.1307,0.1307,0.1307,0.0
2024-09-14 10:53:00,1726311180.0,0.1308,0.1308,0.1308,0.1308,3945.0
2024-09-14 10:54:00,1726311240.0,0.1308,0.1308,0.1308,0.1308,4774.0
2024-09-14 10:55:00,1726311300.0,0.1308,0.1308,0.1308,0.1308,41.0
2024-09-14 10:56:00,1726311360.0,0.1308,0.1308,0.1308,0.1308,0.0
2024-09-14 10:57:00,1726311420.0,0.1308,0.1309,0.1307,0.1308,23923.0
2024-09-14 10:58:00,1726311480.0,0.1308,0.1308,0.1308,0.1308,5154.0
2024-09-14 10:59:00,1726311540.0,0.1308,0.1308,0.1308,0.1308,0.0
2024-09-14 11:00:00,1726311600.0,0.1308,0.1308,0.1306,0.1306,8871.0
2024-09-14 11:01:00,1726311660.0,0.1306,0.1306,0.1306,0.1306,4170.0
2024-09-14 11:02:00,1726311720.0,0.1307,0.1307,0.1306,0.1306,1060.0
2024-09-14 11:03:00,1726311780.0,0.1307,0.1308,0.1307,0.1308,5528.0
2024-09-14 11:04:00,1726311840.0,0.1307,0.1307,0.1307,0.1307,7976.0
2024-09-14 11:05:00,1726311900.0,0.1307,0.1308,0.1306,0.1308,7504.0
2024-09-14 11:06:00,1726311960.0,0.1308,0.1309,0.1307,0.1307,4248.0
2024-09-14 11:07:00,1726312020.0,0.1307,0.1307,0.1306,0.1307,6976.0
2024-09-14 11:08:00,1726312080.0,0.1306,0.1307,0.1306,0.1307,2445.0
2024-09-14 11:09:00,1726312140.0,0.1307,0.1307,0.1306,0.1306,6305.0
2024-09-14 11:10:00,1726312200.0,0.1306,0.1306,0.1306,0.1306,0.0
2024-09-14 11:11:00,1726312260.0,0.1306,0.1306,0.1306,0.1306,951.0
2024-09-14 11:12:00,1726312320.0,0.1306,0.1308,0.1306,0.1308,84083.0
2024-09-14 11:13:00,1726312380.0,0.1308,0.1309,0.1307,0.1308,188551.0
2024-09-14 11:14:00,1726312440.0,0.1307,0.1309,0.1307,0.1308,10091.0
2024-09-14 11:15:00,1726312500.0,0.1307,0.1307,0.1307,0.1307,1937.0
2024-09-14 11:16:00,1726312560.0,0.1307,0.131,0.1307,0.1309,25668.0
2024-09-14 11:17:00,1726312620.0,0.131,0.131,0.131,0.131,2037.0
2024-09-14 11:18:00,1726312680.0,0.131,0.131,0.131,0.131,0.0
2024-09-14 11:19:00,1726312740.0,0.1309,0.1309,0.1308,0.1309,4577.0
2024-09-14 11:20:00,1726312800.0,0.1308,0.1309,0.1308,0.1309,143.0
2024-09-14 11:21:00,1726312860.0,0.1308,0.1308,0.1306,0.1307,15012.0
2024-09-14 11:22:00,1726312920.0,0.1306,0.1307,0.1306,0.1306,1705.0
2024-09-14 11:23:00,1726312980.0,0.1306,0.1306,0.1305,0.1305,10661.0
2024-09-14 11:24:00,1726313040.0,0.1305,0.1305,0.1305,0.1305,228.0
2024-09-14 11:25:00,1726313100.0,0.1305,0.1307,0.1305,0.1307,7188.0
2024-09-14 11:26:00,1726313160.0,0.1307,0.1307,0.1307,0.1307,8802.0
2024-09-14 11:27:00,1726313220.0,0.1307,0.1308,0.1307,0.1308,4148.0
2024-09-14 11:28:00,1726313280.0,0.1308,0.1308,0.1308,0.1308,863.0
2024-09-14 11:29:00,1726313340.0,0.1307,0.1307,0.1306,0.1306,7551.0
2024-09-14 11:30:00,1726313400.0,0.1306,0.1307,0.1305,0.1306,42382.0
2024-09-14 11:31:00,1726313460.0,0.1306,0.1309,0.1306,0.1309,53651.0
2024-09-14 11:32:00,1726313520.0,0.1309,0.1309,0.1309,0.1309,5034.0
2024-09-14 11:33:00,1726313580.0,0.1308,0.1308,0.1307,0.1307,71804.0
2024-09-14 11:34:00,1726313640.0,0.1306,0.1307,0.1305,0.1305,28591.0
2024-09-14 11:35:00,1726313700.0,0.1306,0.1307,0.1306,0.1306,11160.0
2024-09-14 11:36:00,1726313760.0,0.1306,0.1306,0.1306,0.1306,602.0
2024-09-14 11:37:00,1726313820.0,0.1307,0.1307,0.1306,0.1306,676.0
2024-09-14 11:38:00,1726313880.0,0.1306,0.1306,0.1306,0.1306,0.0
2024-09-14 11:39:00,1726313940.0,0.1307,0.1307,0.1307,0.1307,8575.0
2024-09-14 11:40:00,1726314000.0,0.1306,0.1306,0.1306,0.1306,25852.0
2024-09-14 11:41:00,1726314060.0,0.1307,0.1307,0.1306,0.1307,7275.0
2024-09-14 11:42:00,1726314120.0,0.1306,0.1307,0.1305,0.1305,21337.0
2024-09-14 11:43:00,1726314180.0,0.1305,0.1305,0.1304,0.1304,3716.0
2024-09-14 11:44:00,1726314240.0,0.1305,0.1305,0.1304,0.1305,2692.0
2024-09-14 11:45:00,1726314300.0,0.1305,0.1306,0.1304,0.1306,73943.0
2024-09-14 11:46:00,1726314360.0,0.1305,0.1306,0.1305,0.1305,1310.0
2024-09-14 11:47:00,1726314420.0,0.1305,0.1306,0.1304,0.1304,9174.0
2024-09-14 11:48:00,1726314480.0,0.1304,0.1305,0.1304,0.1305,1780.0
2024-09-14 11:49:00,1726314540.0,0.1304,0.1304,0.1303,0.1304,13278.0
2024-09-14 11:50:00,1726314600.0,0.1303,0.1306,0.1303,0.1306,42127.0
2024-09-14 11:51:00,1726314660.0,0.1306,0.1307,0.1305,0.1305,9954.0
2024-09-14 11:52:00,1726314720.0,0.1305,0.1306,0.1305,0.1306,4609.0
2024-09-14 11:53:00,1726314780.0,0.1306,0.1308,0.1306,0.1307,7617.0
2024-09-14 11:54:00,1726314840.0,0.1308,0.1308,0.1307,0.1308,14954.0
2024-09-14 11:55:00,1726314900.0,0.1308,0.1308,0.1307,0.1308,22152.0
2024-09-14 11:56:00,1726314960.0,0.1308,0.1308,0.1307,0.1307,7051.0
2024-09-14 11:57:00,1726315020.0,0.1307,0.1309,0.1307,0.1309,8166.0
2024-09-14 11:58:00,1726315080.0,0.1309,0.1309,0.1309,0.1309,2437.0
2024-09-14 11:59:00,1726315140.0,0.1309,0.1309,0.1308,0.1308,6379.0
2024-09-14 12:00:00,1726315200.0,0.1308,0.1308,0.1307,0.1308,13884.0
2024-09-14 12:01:00,1726315260.0,0.1309,0.1309,0.1307,0.1307,2540.0
2024-09-14 12:02:00,1726315320.0,0.1308,0.1308,0.1308,0.1308,4167.0
2024-09-14 12:03:00,1726315380.0,0.1308,0.1308,0.1308,0.1308,964.0
2024-09-14 12:04:00,1726315440.0,0.1308,0.1308,0.1308,0.1308,178.0
2024-09-14 12:05:00,1726315500.0,0.1309,0.131,0.1309,0.1309,23614.0
2024-09-14 12:06:00,1726315560.0,0.1309,0.1309,0.1309,0.1309,260.0
2024-09-14 12:07:00,1726315620.0,0.1308,0.1309,0.1308,0.1309,4343.0
2024-09-14 12:08:00,1726315680.0,0.1309,0.131,0.1309,0.1309,11261.0
2024-09-14 12:09:00,1726315740.0,0.131,0.131,0.131,0.131,7856.0
2024-09-14 12:10:00,1726315800.0,0.131,0.131,0.131,0.131,10655.0
2024-09-14 12:11:00,1726315860.0,0.131,0.1312,0.131,0.1312,13794.0
2024-09-14 12:12:00,1726315920.0,0.1311,0.1311,0.1311,0.1311,1079.0
2024-09-14 12:13:00,1726315980.0,0.1311,0.1311,0.1311,0.1311,0.0
2024-09-14 12:14:00,1726316040.0,0.1312,0.1312,0.1311,0.1312,14054.0
2024-09-14 12:15:00,1726316100.0,0.1311,0.1312,0.1311,0.1312,1170.0
2024-09-14 12:16:00,1726316160.0,0.1312,0.1312,0.131,0.131,42307.0
2024-09-14 12:17:00,1726316220.0,0.1311,0.1311,0.1311,0.1311,15849.0
2024-09-14 12:18:00,1726316280.0,0.1311,0.1312,0.1311,0.1311,7664.0
2024-09-14 12:19:00,1726316340.0,0.1311,0.1311,0.131,0.131,56460.0
2024-09-14 12:20:00,1726316400.0,0.131,0.131,0.131,0.131,9823.0
2024-09-14 12:21:00,1726316460.0,0.131,0.131,0.131,0.131,0.0
2024-09-14 12:22:00,1726316520.0,0.131,0.131,0.131,0.131,0.0
2024-09-14 12:23:00,1726316580.0,0.1311,0.1311,0.1311,0.1311,8290.0
2024-09-14 12:24:00,1726316640.0,0.1312,0.1314,0.1312,0.1313,35652.0
2024-09-14 12:25:00,1726316700.0,0.1313,0.1313,0.1313,0.1313,124.0
2024-09-14 12:26:00,1726316760.0,0.1313,0.1313,0.1313,0.1313,0.0
2024-09-14 12:27:00,1726316820.0,0.1313,0.1313,0.1313,0.1313,0.0
2024-09-14 12:28:00,1726316880.0,0.1313,0.1315,0.1313,0.1314,14218.0
2024-09-14 12:29:00,1726316940.0,0.1315,0.1315,0.1314,0.1314,29828.0
2024-09-14 12:30:00,1726317000.0,0.1313,0.1314,0.1311,0.1311,27861.0
2024-09-14 12:31:00,1726317060.0,0.1312,0.1314,0.1312,0.1314,35249.0
2024-09-14 12:32:00,1726317120.0,0.1313,0.1314,0.1312,0.1312,5386.0
2024-09-14 12:33:00,1726317180.0,0.1313,0.1314,0.1312,0.1314,10415.0
2024-09-14 12:34:00,1726317240.0,0.1314,0.1315,0.1313,0.1314,19229.0
2024-09-14 12:35:00,1726317300.0,0.1313,0.1313,0.1312,0.1313,8467.0
2024-09-14 12:36:00,1726317360.0,0.1313,0.1313,0.1313,0.1313,13247.0
2024-09-14 12:37:00,1726317420.0,0.1312,0.1312,0.1312,0.1312,4800.0
2024-09-14 12:38:00,1726317480.0,0.1311,0.1312,0.1311,0.1312,5003.0
2024-09-14 12:39:00,1726317540.0,0.1312,0.1312,0.1312,0.1312,12261.0
2024-09-14 12:40:00,1726317600.0,0.1312,0.1313,0.1312,0.1313,9620.0
2024-09-14 12:41:00,1726317660.0,0.1313,0.1313,0.1312,0.1312,2594.0
2024-09-14 12:42:00,1726317720.0,0.1312,0.1312,0.1312,0.1312,5464.0
2024-09-14 12:43:00,1726317780.0,0.1312,0.1313,0.1312,0.1312,3688.0
2024-09-14 12:44:00,1726317840.0,0.1312,0.1312,0.1311,0.1311,30332.0
2024-09-14 12:45:00,1726317900.0,0.1311,0.1312,0.131,0.1312,16366.0
2024-09-14 12:46:00,1726317960.0,0.1311,0.1312,0.1311,0.1312,14282.0
2024-09-14 12:47:00,1726318020.0,0.1312,0.1312,0.1312,0.1312,268.0
2024-09-14 12:48:00,1726318080.0,0.1313,0.1313,0.1313,0.1313,4553.0
2024-09-14 12:49:00,1726318140.0,0.1313,0.1314,0.1313,0.1314,383.0
2024-09-14 12:50:00,1726318200.0,0.1314,0.1314,0.1313,0.1313,11154.0
2024-09-14 12:51:00,1726318260.0,0.1314,0.1314,0.1314,0.1314,40.0
2024-09-14 12:52:00,1726318320.0,0.1313,0.1313,0.1312,0.1313,11107.0
2024-09-14 12:53:00,1726318380.0,0.1313,0.1313,0.1312,0.1312,1324.0
2024-09-14 12:54:00,1726318440.0,0.1312,0.1312,0.1312,0.1312,0.0
2024-09-14 12:55:00,1726318500.0,0.1312,0.1312,0.1312,0.1312,0.0
2024-09-14 12:56:00,1726318560.0,0.1313,0.1314,0.1313,0.1314,3522.0
2024-09-14 12:57:00,1726318620.0,0.1313,0.1313,0.1312,0.1312,6877.0
2024-09-14 12:58:00,1726318680.0,0.1312,0.1312,0.1312,0.1312,0.0
2024-09-14 12:59:00,1726318740.0,0.1312,0.1312,0.1312,0.1312,831.0
2024-09-14 13:00:00,1726318800.0,0.1312,0.1312,0.1311,0.1311,5805.0
2024-09-14 13:01:00,1726318860.0,0.1311,0.1311,0.1311,0.1311,6204.0
2024-09-14 13:02:00,1726318920.0,0.1311,0.1313,0.1311,0.1313,14698.0
2024-09-14 13:03:00,1726318980.0,0.1312,0.1312,0.1312,0.1312,562.0
2024-09-14 13:04:00,1726319040.0,0.1313,0.1313,0.1313,0.1313,7525.0
2024-09-14 13:05:00,1726319100.0,0.1312,0.1312,0.1311,0.1311,1241.0
2024-09-14 13:06:00,1726319160.0,0.1311,0.1311,0.1311,0.1311,0.0
2024-09-14 13:07:00,1726319220.0,0.1311,0.1312,0.131,0.1312,25195.0
2024-09-14 13:08:00,1726319280.0,0.1312,0.1312,0.1311,0.1311,4674.0
2024-09-14 13:09:00,1726319340.0,0.1311,0.1311,0.1311,0.1311,5570.0
2024-09-14 13:10:00,1726319400.0,0.1311,0.1312,0.1311,0.1312,2843.0
2024-09-14 13:11:00,1726319460.0,0.1311,0.1311,0.1311,0.1311,213.0
2024-09-14 13:12:00,1726319520.0,0.1312,0.1312,0.1312,0.1312,3807.0
2024-09-14 13:13:00,1726319580.0,0.1312,0.1312,0.1312,0.1312,9752.0
2024-09-14 13:14:00,1726319640.0,0.1312,0.1312,0.1312,0.1312,0.0
2024-09-14 13:15:00,1726319700.0,0.1311,0.1311,0.1311,0.1311,10768.0
2024-09-14 13:16:00,1726319760.0,0.131,0.1311,0.1309,0.1311,13948.0
2024-09-14 13:17:00,1726319820.0,0.131,0.131,0.131,0.131,1187.0
2024-09-14 13:18:00,1726319880.0,0.131,0.131,0.1308,0.1308,17233.0
2024-09-14 13:19:00,1726319940.0,0.1309,0.1309,0.1309,0.1309,116.0
2024-09-14 13:20:00,1726320000.0,0.1309,0.1309,0.1307,0.1307,3029.0
2024-09-14 13:21:00,1726320060.0,0.1308,0.1309,0.1308,0.1309,11426.0
2024-09-14 13:22:00,1726320120.0,0.1309,0.1309,0.1308,0.1309,11577.0
2024-09-14 13:23:00,1726320180.0,0.131,0.1311,0.131,0.1311,8167.0
2024-09-14 13:24:00,1726320240.0,0.131,0.131,0.1309,0.131,2826.0
2024-09-14 13:25:00,1726320300.0,0.131,0.131,0.131,0.131,1989.0
2024-09-14 13:26:00,1726320360.0,0.1309,0.1309,0.1309,0.1309,283.0
2024-09-14 13:27:00,1726320420.0,0.1309,0.1309,0.1308,0.1309,3701.0
2024-09-14 13:28:00,1726320480.0,0.1308,0.1308,0.1308,0.1308,860.0
2024-09-14 13:29:00,1726320540.0,0.1308,0.1309,0.1308,0.1309,2455.0
2024-09-14 13:30:00,1726320600.0,0.1308,0.1308,0.1307,0.1308,30802.0
2024-09-14 13:31:00,1726320660.0,0.1308,0.131,0.1308,0.1309,17180.0
2024-09-14 13:32:00,1726320720.0,0.1309,0.1309,0.1309,0.1309,73.0
2024-09-14 13:33:00,1726320780.0,0.131,0.1311,0.131,0.1311,24827.0
2024-09-14 13:34:00,1726320840.0,0.1311,0.1311,0.1311,0.1311,0.0
2024-09-14 13:35:00,1726320900.0,0.1311,0.1311,0.1309,0.1309,8105.0
2024-09-14 13:36:00,1726320960.0,0.1309,0.1311,0.1309,0.1311,17927.0
2024-09-14 13:37:00,1726321020.0,0.131,0.1311,0.1309,0.1309,13738.0
2024-09-14 13:38:00,1726321080.0,0.131,0.131,0.1309,0.1309,1499.0
2024-09-14 13:39:00,1726321140.0,0.1309,0.1309,0.1309,0.1309,837.0
2024-09-14 13:40:00,1726321200.0,0.1309,0.131,0.1309,0.1309,13972.0
2024-09-14 13:41:00,1726321260.0,0.1309,0.131,0.1308,0.131,20024.0
2024-09-14 13:42:00,1726321320.0,0.131,0.1311,0.1309,0.1309,18058.0
2024-09-14 13:43:00,1726321380.0,0.1309,0.1309,0.1309,0.1309,0.0
2024-09-14 13:44:00,1726321440.0,0.131,0.1311,0.131,0.1311,3589.0
2024-09-14 13:45:00,1726321500.0,0.1311,0.1311,0.1311,0.1311,0.0
2024-09-14 13:46:00,1726321560.0,0.131,0.131,0.1309,0.1309,5770.0
2024-09-14 13:47:00,1726321620.0,0.1309,0.1309,0.1309,0.1309,10727.0
2024-09-14 13:48:00,1726321680.0,0.131,0.131,0.131,0.131,5675.0
2024-09-14 13:49:00,1726321740.0,0.1311,0.1311,0.1309,0.1309,8652.0
2024-09-14 13:50:00,1726321800.0,0.1309,0.131,0.1309,0.1309,161.0
2024-09-14 13:51:00,1726321860.0,0.131,0.1311,0.131,0.1311,15327.0
2024-09-14 13:52:00,1726321920.0,0.1311,0.1312,0.1311,0.1312,4167.0
2024-09-14 13:53:00,1726321980.0,0.1311,0.1311,0.131,0.1311,5655.0
2024-09-14 13:54:00,1726322040.0,0.131,0.1311,0.131,0.1311,5233.0
2024-09-14 13:55:00,1726322100.0,0.1312,0.1312,0.131,0.131,2275.0
2024-09-14 13:56:00,1726322160.0,0.1311,0.1312,0.131,0.1311,26714.0
2024-09-14 13:57:00,1726322220.0,0.1311,0.1311,0.1311,0.1311,0.0
2024-09-14 13:58:00,1726322280.0,0.131,0.131,0.131,0.131,638.0
2024-09-14 13:59:00,1726322340.0,0.131,0.131,0.131,0.131,0.0
2024-09-14 14:00:00,1726322400.0,0.1311,0.1312,0.1311,0.1312,2831.0
2024-09-14 14:01:00,1726322460.0,0.1311,0.1311,0.131,0.1311,15565.0
2024-09-14 14:02:00,1726322520.0,0.1311,0.1311,0.1311,0.1311,115.0
2024-09-14 14:03:00,1726322580.0,0.1311,0.1311,0.1311,0.1311,15400.0
2024-09-14 14:04:00,1726322640.0,0.1311,0.1312,0.1311,0.1312,2694.0
2024-09-14 14:05:00,1726322700.0,0.1312,0.1312,0.1312,0.1312,888.0
2024-09-14 14:06:00,1726322760.0,0.1311,0.1312,0.131,0.131,9960.0
2024-09-14 14:07:00,1726322820.0,0.131,0.131,0.131,0.131,0.0
2024-09-14 14:08:00,1726322880.0,0.131,0.131,0.1309,0.1309,7150.0
2024-09-14 14:09:00,1726322940.0,0.131,0.131,0.1308,0.1308,30741.0
2024-09-14 14:10:00,1726323000.0,0.1308,0.1309,0.1308,0.1309,2231.0
2024-09-14 14:11:00,1726323060.0,0.1309,0.1309,0.1309,0.1309,0.0
2024-09-14 14:12:00,1726323120.0,0.1309,0.1309,0.1309,0.1309,13315.0
2024-09-14 14:13:00,1726323180.0,0.1309,0.1309,0.1309,0.1309,0.0
2024-09-14 14:14:00,1726323240.0,0.131,0.131,0.1309,0.1309,262.0
2024-09-14 14:15:00,1726323300.0,0.1309,0.131,0.1308,0.1308,27548.0
2024-09-14 14:16:00,1726323360.0,0.1309,0.1312,0.1309,0.1312,173341.0
2024-09-14 14:17:00,1726323420.0,0.1312,0.1312,0.1312,0.1312,0.0
2024-09-14 14:18:00,1726323480.0,0.1311,0.1316,0.1311,0.1314,475675.0
2024-09-14 14:19:00,1726323540.0,0.1315,0.1315,0.1311,0.1312,228436.0
2024-09-14 14:20:00,1726323600.0,0.1311,0.1311,0.1311,0.1311,350.0
2024-09-14 14:21:00,1726323660.0,0.1311,0.1312,0.131,0.1312,26704.0
2024-09-14 14:22:00,1726323720.0,0.1312,0.1312,0.1312,0.1312,4916.0
2024-09-14 14:23:00,1726323780.0,0.1311,0.1312,0.1311,0.1312,1736.0
2024-09-14 14:24:00,1726323840.0,0.1312,0.1314,0.1312,0.1314,37830.0
2024-09-14 14:25:00,1726323900.0,0.1313,0.1314,0.1313,0.1314,13830.0
2024-09-14 14:26:00,1726323960.0,0.1313,0.1314,0.1313,0.1314,12282.0
2024-09-14 14:27:00,1726324020.0,0.1315,0.1315,0.1314,0.1315,26852.0
2024-09-14 14:28:00,1726324080.0,0.1315,0.1315,0.1315,0.1315,185.0
2024-09-14 14:29:00,1726324140.0,0.1314,0.1314,0.1314,0.1314,10414.0
2024-09-14 14:30:00,1726324200.0,0.1313,0.1315,0.1313,0.1315,12575.0
2024-09-14 14:31:00,1726324260.0,0.1316,0.1316,0.1316,0.1316,288.0
2024-09-14 14:32:00,1726324320.0,0.1316,0.1316,0.1315,0.1316,30687.0
2024-09-14 14:33:00,1726324380.0,0.1316,0.1316,0.1315,0.1316,11800.0
2024-09-14 14:34:00,1726324440.0,0.1315,0.1316,0.1314,0.1314,4806.0
2024-09-14 14:35:00,1726324500.0,0.1314,0.1315,0.1312,0.1312,7707.0
2024-09-14 14:36:00,1726324560.0,0.1313,0.1314,0.1313,0.1314,17896.0
2024-09-14 14:37:00,1726324620.0,0.1314,0.1315,0.1313,0.1314,3920.0
2024-09-14 14:38:00,1726324680.0,0.1314,0.1315,0.1314,0.1314,2878.0
2024-09-14 14:39:00,1726324740.0,0.1315,0.1316,0.1315,0.1315,25339.0
2024-09-14 14:40:00,1726324800.0,0.1316,0.1316,0.1316,0.1316,4095.0
2024-09-14 14:41:00,1726324860.0,0.1317,0.1317,0.1316,0.1317,6827.0
2024-09-14 14:42:00,1726324920.0,0.1317,0.1317,0.1316,0.1316,10807.0
2024-09-14 14:43:00,1726324980.0,0.1316,0.1317,0.1316,0.1316,156.0
2024-09-14 14:44:00,1726325040.0,0.1317,0.1317,0.1317,0.1317,282.0
2024-09-14 14:45:00,1726325100.0,0.1316,0.1317,0.1316,0.1316,373.0
2024-09-14 14:46:00,1726325160.0,0.1316,0.1316,0.1315,0.1315,31852.0
2024-09-14 14:47:00,1726325220.0,0.1315,0.1317,0.1315,0.1316,1923.0
2024-09-14 14:48:00,1726325280.0,0.1316,0.1317,0.1316,0.1317,6771.0
2024-09-14 14:49:00,1726325340.0,0.1318,0.1318,0.1317,0.1317,153.0
2024-09-14 14:50:00,1726325400.0,0.1317,0.1318,0.1317,0.1318,1547.0
2024-09-14 14:51:00,1726325460.0,0.1317,0.1318,0.1316,0.1316,48479.0
2024-09-14 14:52:00,1726325520.0,0.1317,0.1317,0.1316,0.1316,1221.0
2024-09-14 14:53:00,1726325580.0,0.1316,0.1316,0.1316,0.1316,1061.0
2024-09-14 14:54:00,1726325640.0,0.1316,0.1316,0.1316,0.1316,525.0
2024-09-14 14:55:00,1726325700.0,0.1316,0.1318,0.1316,0.1318,215060.0
2024-09-14 14:56:00,1726325760.0,0.1317,0.1317,0.1317,0.1317,22345.0
2024-09-14 14:57:00,1726325820.0,0.1316,0.1316,0.1316,0.1316,47.0
2024-09-14 14:58:00,1726325880.0,0.1317,0.1317,0.1316,0.1316,4864.0
2024-09-14 14:59:00,1726325940.0,0.1316,0.1317,0.1316,0.1317,29915.0
2024-09-14 15:00:00,1726326000.0,0.1316,0.1317,0.1315,0.1315,11141.0
2024-09-14 15:01:00,1726326060.0,0.1315,0.1316,0.1315,0.1316,2888.0
2024-09-14 15:02:00,1726326120.0,0.1317,0.1317,0.1317,0.1317,10025.0
2024-09-14 15:03:00,1726326180.0,0.1318,0.1319,0.1318,0.1318,9161.0
2024-09-14 15:04:00,1726326240.0,0.1318,0.1318,0.1316,0.1316,16138.0
2024-09-14 15:05:00,1726326300.0,0.1316,0.1317,0.1316,0.1317,1120.0
2024-09-14 15:06:00,1726326360.0,0.1317,0.1317,0.1315,0.1316,22274.0
2024-09-14 15:07:00,1726326420.0,0.1316,0.1318,0.1316,0.1318,23940.0
2024-09-14 15:08:00,1726326480.0,0.1318,0.1318,0.1318,0.1318,44.0
2024-09-14 15:09:00,1726326540.0,0.1319,0.1319,0.1318,0.1319,287.0
2024-09-14 15:10:00,1726326600.0,0.1319,0.132,0.1318,0.1319,32559.0
2024-09-14 15:11:00,1726326660.0,0.132,0.1321,0.1316,0.1316,372874.0
2024-09-14 15:12:00,1726326720.0,0.1316,0.1318,0.1316,0.1318,56853.0
2024-09-14 15:13:00,1726326780.0,0.1318,0.1319,0.1318,0.1319,686.0
2024-09-14 15:14:00,1726326840.0,0.1319,0.1319,0.1318,0.1318,2444.0
2024-09-14 15:15:00,1726326900.0,0.1319,0.132,0.1319,0.1319,30426.0
2024-09-14 15:16:00,1726326960.0,0.1318,0.1318,0.1317,0.1317,8310.0
2024-09-14 15:17:00,1726327020.0,0.1317,0.1317,0.1316,0.1316,41976.0
2024-09-14 15:18:00,1726327080.0,0.1317,0.1318,0.1317,0.1318,20695.0
2024-09-14 15:19:00,1726327140.0,0.1318,0.1319,0.1318,0.1319,28229.0
2024-09-14 15:20:00,1726327200.0,0.1319,0.1321,0.1319,0.1321,21086.0
2024-09-14 15:21:00,1726327260.0,0.1321,0.1321,0.1319,0.132,4805.0
2024-09-14 15:22:00,1726327320.0,0.1319,0.1321,0.1319,0.132,1234.0
2024-09-14 15:23:00,1726327380.0,0.1321,0.1321,0.132,0.1321,236.0
2024-09-14 15:24:00,1726327440.0,0.1321,0.1321,0.1319,0.132,8643.0
2024-09-14 15:25:00,1726327500.0,0.1319,0.1321,0.1319,0.132,27045.0
2024-09-14 15:26:00,1726327560.0,0.132,0.1321,0.1319,0.132,16896.0
2024-09-14 15:27:00,1726327620.0,0.1321,0.1322,0.132,0.132,23302.0
2024-09-14 15:28:00,1726327680.0,0.132,0.1322,0.132,0.1321,107140.0
2024-09-14 15:29:00,1726327740.0,0.1321,0.1321,0.132,0.132,15596.0
2024-09-14 15:30:00,1726327800.0,0.132,0.132,0.1318,0.1318,3059.0
2024-09-14 15:31:00,1726327860.0,0.1319,0.1319,0.1318,0.1318,1729.0
2024-09-14 15:32:00,1726327920.0,0.1318,0.1318,0.1317,0.1317,16900.0
2024-09-14 15:33:00,1726327980.0,0.1318,0.1318,0.1316,0.1316,1893.0
2024-09-14 15:34:00,1726328040.0,0.1316,0.1317,0.1316,0.1317,7974.0
2024-09-14 15:35:00,1726328100.0,0.1317,0.1317,0.1316,0.1316,2547.0
2024-09-14 15:36:00,1726328160.0,0.1316,0.1318,0.1316,0.1318,5878.0
2024-09-14 15:37:00,1726328220.0,0.1317,0.1318,0.1316,0.1316,1143.0
2024-09-14 15:38:00,1726328280.0,0.1316,0.1318,0.1316,0.1317,3673.0
2024-09-14 15:39:00,1726328340.0,0.1316,0.1316,0.1316,0.1316,141.0
2024-09-14 15:40:00,1726328400.0,0.1316,0.1317,0.1316,0.1316,1177.0
2024-09-14 15:41:00,1726328460.0,0.1316,0.1316,0.1316,0.1316,6589.0
2024-09-14 15:42:00,1726328520.0,0.1316,0.1316,0.1314,0.1314,53486.0
2024-09-14 15:43:00,1726328580.0,0.1314,0.1315,0.1314,0.1314,3640.0
2024-09-14 15:44:00,1726328640.0,0.1314,0.1314,0.1314,0.1314,5366.0
2024-09-14 15:45:00,1726328700.0,0.1315,0.1315,0.1313,0.1313,3298.0
2024-09-14 15:46:00,1726328760.0,0.1313,0.1314,0.1312,0.1312,132493.0
2024-09-14 15:47:00,1726328820.0,0.1312,0.1314,0.1312,0.1314,18815.0
2024-09-14 15:48:00,1726328880.0,0.1314,0.1314,0.1313,0.1313,190.0
2024-09-14 15:49:00,1726328940.0,0.1313,0.1313,0.1313,0.1313,0.0
2024-09-14 15:50:00,1726329000.0,0.1313,0.1315,0.1313,0.1315,23008.0
2024-09-14 15:51:00,1726329060.0,0.1314,0.1315,0.1314,0.1314,6076.0
2024-09-14 15:52:00,1726329120.0,0.1314,0.1314,0.1314,0.1314,285.0
2024-09-14 15:53:00,1726329180.0,0.1315,0.1315,0.1314,0.1315,1003.0
2024-09-14 15:54:00,1726329240.0,0.1314,0.1314,0.1314,0.1314,279.0
2024-09-14 15:55:00,1726329300.0,0.1314,0.1314,0.1314,0.1314,0.0
2024-09-14 15:56:00,1726329360.0,0.1315,0.1315,0.1314,0.1315,4054.0
2024-09-14 15:57:00,1726329420.0,0.1314,0.1314,0.1313,0.1313,11693.0
2024-09-14 15:58:00,1726329480.0,0.1314,0.1314,0.1314,0.1314,50.0
2024-09-14 15:59:00,1726329540.0,0.1314,0.1314,0.1313,0.1313,9642.0
2024-09-14 16:00:00,1726329600.0,0.1313,0.1315,0.1313,0.1314,7148.0
2024-09-14 16:01:00,1726329660.0,0.1315,0.1316,0.1315,0.1316,5050.0
2024-09-14 16:02:00,1726329720.0,0.1316,0.1316,0.1316,0.1316,0.0
2024-09-14 16:03:00,1726329780.0,0.1316,0.1317,0.1316,0.1316,16755.0
2024-09-14 16:04:00,1726329840.0,0.1316,0.1318,0.1316,0.1318,15740.0
2024-09-14 16:05:00,1726329900.0,0.1318,0.1318,0.1317,0.1317,7544.0
2024-09-14 16:06:00,1726329960.0,0.1317,0.1318,0.1317,0.1318,108.0
2024-09-14 16:07:00,1726330020.0,0.1318,0.1318,0.1318,0.1318,1228.0
2024-09-14 16:08:00,1726330080.0,0.1319,0.1319,0.1318,0.1319,6698.0
2024-09-14 16:09:00,1726330140.0,0.1318,0.1319,0.1318,0.1319,264.0
2024-09-14 16:10:00,1726330200.0,0.1318,0.1318,0.1318,0.1318,3543.0
2024-09-14 16:11:00,1726330260.0,0.1319,0.1319,0.1318,0.1318,1480.0
2024-09-14 16:12:00,1726330320.0,0.1319,0.1319,0.1319,0.1319,4191.0
2024-09-14 16:13:00,1726330380.0,0.132,0.132,0.1319,0.132,1535.0
2024-09-14 16:14:00,1726330440.0,0.1319,0.1319,0.1319,0.1319,3722.0
2024-09-14 16:15:00,1726330500.0,0.1318,0.1319,0.1318,0.1319,7155.0
2024-09-14 16:16:00,1726330560.0,0.1318,0.1319,0.1317,0.1317,7779.0
2024-09-14 16:17:00,1726330620.0,0.1318,0.1318,0.1317,0.1317,119.0
2024-09-14 16:18:00,1726330680.0,0.1317,0.1318,0.1317,0.1318,3572.0
2024-09-14 16:19:00,1726330740.0,0.1317,0.1317,0.1317,0.1317,14695.0
2024-09-14 16:20:00,1726330800.0,0.1317,0.1317,0.1315,0.1316,2633.0
2024-09-14 16:21:00,1726330860.0,0.1316,0.1316,0.1315,0.1315,18497.0
2024-09-14 16:22:00,1726330920.0,0.1314,0.1316,0.1314,0.1315,14617.0
2024-09-14 16:23:00,1726330980.0,0.1315,0.1315,0.1314,0.1314,11043.0
2024-09-14 16:24:00,1726331040.0,0.1314,0.1316,0.1314,0.1314,7008.0
2024-09-14 16:25:00,1726331100.0,0.1314,0.1315,0.1313,0.1313,7376.0
2024-09-14 16:26:00,1726331160.0,0.1313,0.1314,0.1313,0.1314,1695.0
2024-09-14 16:27:00,1726331220.0,0.1313,0.1313,0.1313,0.1313,99.0
2024-09-14 16:28:00,1726331280.0,0.1314,0.1314,0.1313,0.1313,12270.0
2024-09-14 16:29:00,1726331340.0,0.1313,0.1313,0.1312,0.1313,2016.0
2024-09-14 16:30:00,1726331400.0,0.1312,0.1314,0.1312,0.1313,10204.0
2024-09-14 16:31:00,1726331460.0,0.1313,0.1314,0.1313,0.1314,117.0
2024-09-14 16:32:00,1726331520.0,0.1314,0.1315,0.1313,0.1315,6605.0
2024-09-14 16:33:00,1726331580.0,0.1315,0.1316,0.1314,0.1316,6700.0
2024-09-14 16:34:00,1726331640.0,0.1316,0.1317,0.1315,0.1316,18480.0
2024-09-14 16:35:00,1726331700.0,0.1315,0.1317,0.1315,0.1317,4005.0
2024-09-14 16:36:00,1726331760.0,0.1316,0.1316,0.1315,0.1315,10160.0
2024-09-14 16:37:00,1726331820.0,0.1315,0.1316,0.1315,0.1315,7619.0
2024-09-14 16:38:00,1726331880.0,0.1314,0.1315,0.1314,0.1315,141.0
2024-09-14 16:39:00,1726331940.0,0.1314,0.1316,0.1314,0.1315,16021.0
2024-09-14 16:40:00,1726332000.0,0.1316,0.1316,0.1315,0.1315,94.0
2024-09-14 16:41:00,1726332060.0,0.1315,0.1316,0.1315,0.1316,260.0
2024-09-14 16:42:00,1726332120.0,0.1316,0.1316,0.1316,0.1316,47.0
2024-09-14 16:43:00,1726332180.0,0.1315,0.1316,0.1315,0.1316,1422.0
2024-09-14 16:44:00,1726332240.0,0.1316,0.1316,0.1316,0.1316,141.0
2024-09-14 16:45:00,1726332300.0,0.1315,0.1316,0.1314,0.1314,73080.0
2024-09-14 16:46:00,1726332360.0,0.1315,0.1315,0.1314,0.1314,351.0
2024-09-14 16:47:00,1726332420.0,0.1315,0.1317,0.1315,0.1317,7657.0
2024-09-14 16:48:00,1726332480.0,0.1316,0.1317,0.1316,0.1317,5445.0
2024-09-14 16:49:00,1726332540.0,0.1317,0.1318,0.1316,0.1317,7619.0
2024-09-14 16:50:00,1726332600.0,0.1316,0.1316,0.1316,0.1316,94.0
2024-09-14 16:51:00,1726332660.0,0.1316,0.1316,0.1315,0.1315,5244.0
2024-09-14 16:52:00,1726332720.0,0.1316,0.1316,0.1316,0.1316,6153.0
2024-09-14 16:53:00,1726332780.0,0.1316,0.1316,0.1316,0.1316,47.0
2024-09-14 16:54:00,1726332840.0,0.1316,0.1317,0.1316,0.1317,3127.0
2024-09-14 16:55:00,1726332900.0,0.1316,0.1316,0.1316,0.1316,1367.0
2024-09-14 16:56:00,1726332960.0,0.1317,0.1318,0.1317,0.1317,3719.0
2024-09-14 16:57:00,1726333020.0,0.1318,0.1318,0.1317,0.1317,115.0
2024-09-14 16:58:00,1726333080.0,0.1317,0.1317,0.1317,0.1317,60.0
2024-09-14 16:59:00,1726333140.0,0.1317,0.1317,0.1317,0.1317,101.0
2024-09-14 17:00:00,1726333200.0,0.1317,0.1317,0.1316,0.1316,2432.0
2024-09-14 17:01:00,1726333260.0,0.1317,0.1317,0.1316,0.1317,1868.0
2024-09-14 17:02:00,1726333320.0,0.1317,0.1317,0.1315,0.1315,15485.0
2024-09-14 17:03:00,1726333380.0,0.1316,0.1316,0.1316,0.1316,10816.0
2024-09-14 17:04:00,1726333440.0,0.1316,0.1316,0.1315,0.1316,18453.0
2024-09-14 17:05:00,1726333500.0,0.1316,0.1317,0.1316,0.1317,4433.0
2024-09-14 17:06:00,1726333560.0,0.1317,0.1317,0.1316,0.1316,3929.0
2024-09-14 17:07:00,1726333620.0,0.1315,0.1315,0.1315,0.1315,800.0
2024-09-14 17:08:00,1726333680.0,0.1315,0.1316,0.1315,0.1316,8561.0
2024-09-14 17:09:00,1726333740.0,0.1315,0.1315,0.1315,0.1315,60.0
2024-09-14 17:10:00,1726333800.0,0.1315,0.1316,0.1314,0.1315,56663.0
2024-09-14 17:11:00,1726333860.0,0.1315,0.1315,0.1315,0.1315,16122.0
2024-09-14 17:12:00,1726333920.0,0.1316,0.1316,0.1316,0.1316,221.0
2024-09-14 17:13:00,1726333980.0,0.1316,0.1316,0.1316,0.1316,0.0
2024-09-14 17:14:00,1726334040.0,0.1316,0.1316,0.1315,0.1315,1972.0
2024-09-14 17:15:00,1726334100.0,0.1315,0.1316,0.1314,0.1315,1405.0
2024-09-14 17:16:00,1726334160.0,0.1315,0.1316,0.1315,0.1316,547.0
2024-09-14 17:17:00,1726334220.0,0.1316,0.1316,0.1316,0.1316,187.0
2024-09-14 17:18:00,1726334280.0,0.1315,0.1315,0.1315,0.1315,9162.0
2024-09-14 17:19:00,1726334340.0,0.1314,0.1314,0.1314,0.1314,11670.0
2024-09-14 17:20:00,1726334400.0,0.1315,0.1315,0.1315,0.1315,900.0
2024-09-14 17:21:00,1726334460.0,0.1315,0.1316,0.1315,0.1316,1385.0
2024-09-14 17:22:00,1726334520.0,0.1315,0.1316,0.1315,0.1316,1000.0
2024-09-14 17:23:00,1726334580.0,0.1315,0.1316,0.1315,0.1316,15322.0
2024-09-14 17:24:00,1726334640.0,0.1317,0.1317,0.1316,0.1316,113.0
2024-09-14 17:25:00,1726334700.0,0.1316,0.1316,0.1316,0.1316,1847.0
2024-09-14 17:26:00,1726334760.0,0.1316,0.1316,0.1316,0.1316,2461.0
2024-09-14 17:27:00,1726334820.0,0.1316,0.1316,0.1316,0.1316,285.0
2024-09-14 17:28:00,1726334880.0,0.1317,0.1317,0.1317,0.1317,185.0
2024-09-14 17:29:00,1726334940.0,0.1316,0.1316,0.1316,0.1316,11316.0
2024-09-14 17:30:00,1726335000.0,0.1316,0.1317,0.1315,0.1317,55442.0
2024-09-14 17:31:00,1726335060.0,0.1316,0.1317,0.1315,0.1317,11273.0
2024-09-14 17:32:00,1726335120.0,0.1316,0.1317,0.1316,0.1316,10243.0
2024-09-14 17:33:00,1726335180.0,0.1316,0.1316,0.1316,0.1316,2994.0
2024-09-14 17:34:00,1726335240.0,0.1316,0.1316,0.1315,0.1316,1816.0
2024-09-14 17:35:00,1726335300.0,0.1315,0.1315,0.1314,0.1315,15947.0
2024-09-14 17:36:00,1726335360.0,0.1315,0.1315,0.1314,0.1314,2160.0
2024-09-14 17:37:00,1726335420.0,0.1315,0.1315,0.1315,0.1315,7470.0
2024-09-14 17:38:00,1726335480.0,0.1315,0.1315,0.1314,0.1315,14234.0
2024-09-14 17:39:00,1726335540.0,0.1315,0.1315,0.1315,0.1315,0.0
2024-09-14 17:40:00,1726335600.0,0.1315,0.1316,0.1315,0.1316,10468.0
2024-09-14 17:41:00,1726335660.0,0.1315,0.1316,0.1315,0.1316,2110.0
2024-09-14 17:42:00,1726335720.0,0.1315,0.1316,0.1314,0.1315,12234.0
2024-09-14 17:43:00,1726335780.0,0.1315,0.1316,0.1314,0.1315,773.0
2024-09-14 17:44:00,1726335840.0,0.1315,0.1315,0.1314,0.1315,11940.0
2024-09-14 17:45:00,1726335900.0,0.1315,0.1315,0.1315,0.1315,0.0
2024-09-14 17:46:00,1726335960.0,0.1314,0.1314,0.1314,0.1314,359.0
2024-09-14 17:47:00,1726336020.0,0.1314,0.1314,0.1314,0.1314,2403.0
2024-09-14 17:48:00,1726336080.0,0.1314,0.1315,0.1314,0.1314,7579.0
2024-09-14 17:49:00,1726336140.0,0.1314,0.1315,0.1314,0.1314,7602.0
2024-09-14 17:50:00,1726336200.0,0.1314,0.1314,0.1314,0.1314,83.0
2024-09-14 17:51:00,1726336260.0,0.1313,0.1314,0.1313,0.1314,479.0
2024-09-14 17:52:00,1726336320.0,0.1313,0.1314,0.1313,0.1314,525.0
2024-09-14 17:53:00,1726336380.0,0.1313,0.1314,0.1313,0.1314,10541.0
2024-09-14 17:54:00,1726336440.0,0.1313,0.1314,0.1313,0.1314,38643.0
2024-09-14 17:55:00,1726336500.0,0.1314,0.1314,0.1314,0.1314,15569.0
2024-09-14 17:56:00,1726336560.0,0.1314,0.1315,0.1314,0.1315,8040.0
2024-09-14 17:57:00,1726336620.0,0.1315,0.1315,0.1314,0.1314,2354.0
2024-09-14 17:58:00,1726336680.0,0.1315,0.1315,0.1315,0.1315,100.0
2024-09-14 17:59:00,1726336740.0,0.1314,0.1316,0.1314,0.1316,12775.0
2024-09-14 18:00:00,1726336800.0,0.1316,0.1316,0.1315,0.1315,8670.0
2024-09-14 18:01:00,1726336860.0,0.1315,0.1315,0.1314,0.1315,6284.0
2024-09-14 18:02:00,1726336920.0,0.1315,0.1315,0.1315,0.1315,10420.0
2024-09-14 18:03:00,1726336980.0,0.1315,0.1315,0.1315,0.1315,1117.0
2024-09-14 18:04:00,1726337040.0,0.1315,0.1316,0.1314,0.1316,9199.0
2024-09-14 18:05:00,1726337100.0,0.1316,0.1316,0.1316,0.1316,110.0
2024-09-14 18:06:00,1726337160.0,0.1315,0.1315,0.1314,0.1315,5709.0
2024-09-14 18:07:00,1726337220.0,0.1315,0.1315,0.1306,0.1308,151748.0
2024-09-14 18:08:00,1726337280.0,0.1307,0.1309,0.1306,0.1308,45672.0
2024-09-14 18:09:00,1726337340.0,0.1307,0.1307,0.1303,0.1305,29955.0
2024-09-14 18:10:00,1726337400.0,0.1305,0.131,0.1304,0.131,131991.0
2024-09-14 18:11:00,1726337460.0,0.1309,0.1312,0.1309,0.131,95040.0
2024-09-14 18:12:00,1726337520.0,0.131,0.1313,0.131,0.1312,30383.0
2024-09-14 18:13:00,1726337580.0,0.1313,0.1313,0.1311,0.1311,20557.0
2024-09-14 18:14:00,1726337640.0,0.1311,0.1311,0.1306,0.1307,64941.0
2024-09-14 18:15:00,1726337700.0,0.1308,0.1309,0.1307,0.1309,22949.0
2024-09-14 18:16:00,1726337760.0,0.1308,0.1309,0.1306,0.1308,79254.0
2024-09-14 18:17:00,1726337820.0,0.1308,0.1311,0.1307,0.1311,34061.0
2024-09-14 18:18:00,1726337880.0,0.1311,0.1311,0.1311,0.1311,2339.0
2024-09-14 18:19:00,1726337940.0,0.1312,0.1312,0.1312,0.1312,4307.0
2024-09-14 18:20:00,1726338000.0,0.1313,0.1313,0.1312,0.1313,5601.0
2024-09-14 18:21:00,1726338060.0,0.1313,0.1314,0.1313,0.1314,9180.0
2024-09-14 18:22:00,1726338120.0,0.1314,0.1314,0.1314,0.1314,0.0
2024-09-14 18:23:00,1726338180.0,0.1314,0.1314,0.1314,0.1314,1500.0
2024-09-14 18:24:00,1726338240.0,0.1313,0.1314,0.1312,0.1312,8154.0
2024-09-14 18:25:00,1726338300.0,0.1313,0.1313,0.1313,0.1313,1747.0
2024-09-14 18:26:00,1726338360.0,0.1312,0.1313,0.1311,0.1311,16234.0
2024-09-14 18:27:00,1726338420.0,0.1311,0.1313,0.1311,0.1313,30541.0
2024-09-14 18:28:00,1726338480.0,0.1313,0.1313,0.1313,0.1313,11416.0
2024-09-14 18:29:00,1726338540.0,0.1312,0.1312,0.1311,0.1311,17363.0
2024-09-14 18:30:00,1726338600.0,0.1311,0.1312,0.1311,0.1312,21148.0
2024-09-14 18:31:00,1726338660.0,0.1312,0.1315,0.1312,0.1315,30005.0
2024-09-14 18:32:00,1726338720.0,0.1314,0.1314,0.1314,0.1314,200.0
2024-09-14 18:33:00,1726338780.0,0.1315,0.1315,0.1315,0.1315,94.0
2024-09-14 18:34:00,1726338840.0,0.1314,0.1314,0.1313,0.1313,10222.0
2024-09-14 18:35:00,1726338900.0,0.1313,0.1315,0.1313,0.1313,6041.0
2024-09-14 18:36:00,1726338960.0,0.1313,0.1314,0.1313,0.1313,1031.0
2024-09-14 18:37:00,1726339020.0,0.1314,0.1314,0.1313,0.1313,674.0
2024-09-14 18:38:00,1726339080.0,0.1313,0.1313,0.1313,0.1313,27257.0
2024-09-14 18:39:00,1726339140.0,0.1313,0.1313,0.1313,0.1313,0.0
2024-09-14 18:40:00,1726339200.0,0.1313,0.1313,0.1313,0.1313,0.0
2024-09-14 18:41:00,1726339260.0,0.1314,0.1314,0.1313,0.1314,26236.0
2024-09-14 18:42:00,1726339320.0,0.1314,0.1314,0.1313,0.1314,12823.0
2024-09-14 18:43:00,1726339380.0,0.1315,0.1315,0.1314,0.1315,5638.0
2024-09-14 18:44:00,1726339440.0,0.1314,0.1315,0.1314,0.1315,1120.0
2024-09-14 18:45:00,1726339500.0,0.1314,0.1315,0.1313,0.1314,40964.0
2024-09-14 18:46:00,1726339560.0,0.1314,0.1314,0.1312,0.1312,41270.0
2024-09-14 18:47:00,1726339620.0,0.1312,0.1312,0.1312,0.1312,2769.0
2024-09-14 18:48:00,1726339680.0,0.1312,0.1312,0.1311,0.1311,6859.0
2024-09-14 18:49:00,1726339740.0,0.1311,0.1311,0.1311,0.1311,0.0
2024-09-14 18:50:00,1726339800.0,0.1312,0.1312,0.1312,0.1312,6927.0
2024-09-14 18:51:00,1726339860.0,0.1312,0.1313,0.1311,0.1313,14042.0
2024-09-14 18:52:00,1726339920.0,0.1314,0.1314,0.1314,0.1314,19022.0
2024-09-14 18:53:00,1726339980.0,0.1314,0.1315,0.1314,0.1315,5888.0
2024-09-14 18:54:00,1726340040.0,0.1315,0.1315,0.1314,0.1314,15641.0
2024-09-14 18:55:00,1726340100.0,0.1314,0.1314,0.1314,0.1314,1301.0
2024-09-14 18:56:00,1726340160.0,0.1313,0.1313,0.1313,0.1313,251.0
2024-09-14 18:57:00,1726340220.0,0.1314,0.1314,0.1314,0.1314,936.0
2024-09-14 18:58:00,1726340280.0,0.1313,0.1314,0.1313,0.1313,7861.0
2024-09-14 18:59:00,1726340340.0,0.1312,0.1312,0.1312,0.1312,770.0
2024-09-14 19:00:00,1726340400.0,0.1312,0.1313,0.1312,0.1313,2091.0
2024-09-14 19:01:00,1726340460.0,0.1313,0.1313,0.1311,0.1311,31867.0
2024-09-14 19:02:00,1726340520.0,0.131,0.1311,0.131,0.1311,3602.0
2024-09-14 19:03:00,1726340580.0,0.1311,0.1311,0.131,0.131,7635.0
2024-09-14 19:04:00,1726340640.0,0.1309,0.1309,0.1309,0.1309,7494.0
2024-09-14 19:05:00,1726340700.0,0.131,0.131,0.1309,0.1309,240.0
2024-09-14 19:06:00,1726340760.0,0.1309,0.131,0.1309,0.131,2630.0
2024-09-14 19:07:00,1726340820.0,0.131,0.1311,0.1309,0.1309,16815.0
2024-09-14 19:08:00,1726340880.0,0.131,0.131,0.1309,0.1309,19233.0
2024-09-14 19:09:00,1726340940.0,0.1309,0.1309,0.1309,0.1309,87.0
2024-09-14 19:10:00,1726341000.0,0.1309,0.131,0.1309,0.131,30910.0
2024-09-14 19:11:00,1726341060.0,0.131,0.131,0.1309,0.1309,229.0
2024-09-14 19:12:00,1726341120.0,0.131,0.131,0.131,0.131,48.0
2024-09-14 19:13:00,1726341180.0,0.1309,0.1309,0.1309,0.1309,1950.0
2024-09-14 19:14:00,1726341240.0,0.131,0.1312,0.131,0.1311,26283.0
2024-09-14 19:15:00,1726341300.0,0.1312,0.1312,0.1311,0.1311,1277.0
2024-09-14 19:16:00,1726341360.0,0.131,0.1313,0.131,0.1312,54809.0
2024-09-14 19:17:00,1726341420.0,0.1312,0.1314,0.1312,0.1314,19453.0
2024-09-14 19:18:00,1726341480.0,0.1313,0.1313,0.1313,0.1313,392.0
2024-09-14 19:19:00,1726341540.0,0.1313,0.1313,0.1312,0.1312,8634.0
2024-09-14 19:20:00,1726341600.0,0.1313,0.1313,0.1312,0.1312,218.0
2024-09-14 19:21:00,1726341660.0,0.1312,0.1312,0.1312,0.1312,3681.0
2024-09-14 19:22:00,1726341720.0,0.1311,0.1311,0.1311,0.1311,48.0
2024-09-14 19:23:00,1726341780.0,0.1312,0.1312,0.1311,0.1311,1232.0
2024-09-14 19:24:00,1726341840.0,0.1311,0.1313,0.1311,0.1313,15568.0
2024-09-14 19:25:00,1726341900.0,0.1313,0.1314,0.1312,0.1312,23149.0
2024-09-14 19:26:00,1726341960.0,0.1313,0.1314,0.1312,0.1312,11514.0
2024-09-14 19:27:00,1726342020.0,0.1313,0.1314,0.1312,0.1312,21464.0
2024-09-14 19:28:00,1726342080.0,0.1313,0.1313,0.1312,0.1312,3044.0
2024-09-14 19:29:00,1726342140.0,0.1312,0.1312,0.1311,0.1311,7862.0
2024-09-14 19:30:00,1726342200.0,0.1311,0.1312,0.1311,0.1312,6447.0
2024-09-14 19:31:00,1726342260.0,0.1311,0.1311,0.131,0.131,8320.0
2024-09-14 19:32:00,1726342320.0,0.131,0.1311,0.131,0.1311,727.0
2024-09-14 19:33:00,1726342380.0,0.1311,0.1311,0.1311,0.1311,0.0
2024-09-14 19:34:00,1726342440.0,0.1311,0.1311,0.131,0.131,18553.0
2024-09-14 19:35:00,1726342500.0,0.1309,0.1309,0.1309,0.1309,95.0
2024-09-14 19:36:00,1726342560.0,0.1309,0.1309,0.1308,0.1309,1642.0
2024-09-14 19:37:00,1726342620.0,0.1309,0.131,0.1309,0.1309,18057.0
2024-09-14 19:38:00,1726342680.0,0.1309,0.131,0.1309,0.1309,475.0
2024-09-14 19:39:00,1726342740.0,0.1309,0.1309,0.1308,0.1309,913.0
2024-09-14 19:40:00,1726342800.0,0.1308,0.1308,0.1308,0.1308,215.0
2024-09-14 19:41:00,1726342860.0,0.1309,0.131,0.1308,0.131,25400.0
2024-09-14 19:42:00,1726342920.0,0.131,0.131,0.131,0.131,0.0
2024-09-14 19:43:00,1726342980.0,0.1309,0.1309,0.1309,0.1309,1658.0
2024-09-14 19:44:00,1726343040.0,0.1309,0.131,0.1309,0.131,232.0
2024-09-14 19:45:00,1726343100.0,0.131,0.131,0.131,0.131,0.0
2024-09-14 19:46:00,1726343160.0,0.1309,0.131,0.1309,0.1309,657.0
2024-09-14 19:47:00,1726343220.0,0.1309,0.1309,0.1308,0.1309,14353.0
2024-09-14 19:48:00,1726343280.0,0.1309,0.1309,0.1309,0.1309,65.0
2024-09-14 19:49:00,1726343340.0,0.1308,0.1308,0.1308,0.1308,91.0
2024-09-14 19:50:00,1726343400.0,0.1308,0.1308,0.1307,0.1307,3816.0
2024-09-14 19:51:00,1726343460.0,0.1308,0.1308,0.1307,0.1307,24071.0
2024-09-14 19:52:00,1726343520.0,0.1307,0.1307,0.1307,0.1307,140.0
2024-09-14 19:53:00,1726343580.0,0.1307,0.1307,0.1307,0.1307,3010.0
2024-09-14 19:54:00,1726343640.0,0.1307,0.1307,0.1306,0.1307,1882.0
2024-09-14 19:55:00,1726343700.0,0.1306,0.1308,0.1306,0.1307,2723.0
2024-09-14 19:56:00,1726343760.0,0.1307,0.1307,0.1307,0.1307,2174.0
2024-09-14 19:57:00,1726343820.0,0.1306,0.1307,0.1305,0.1306,75745.0
2024-09-14 19:58:00,1726343880.0,0.1306,0.1307,0.1306,0.1306,5142.0
2024-09-14 19:59:00,1726343940.0,0.1305,0.1305,0.1304,0.1305,12092.0
2024-09-14 20:00:00,1726344000.0,0.1305,0.1308,0.1305,0.1308,33102.0
2024-09-14 20:01:00,1726344060.0,0.1308,0.1309,0.1308,0.1309,10943.0
2024-09-14 20:02:00,1726344120.0,0.1309,0.1311,0.1309,0.131,54868.0
2024-09-14 20:03:00,1726344180.0,0.131,0.1311,0.1309,0.1311,14022.0
2024-09-14 20:04:00,1726344240.0,0.131,0.131,0.1309,0.1309,5872.0
2024-09-14 20:05:00,1726344300.0,0.1308,0.1308,0.1307,0.1307,8961.0
2024-09-14 20:06:00,1726344360.0,0.1307,0.1308,0.1307,0.1307,1186.0
2024-09-14 20:07:00,1726344420.0,0.1308,0.1308,0.1308,0.1308,96.0
2024-09-14 20:08:00,1726344480.0,0.1307,0.1307,0.1307,0.1307,7651.0
2024-09-14 20:09:00,1726344540.0,0.1307,0.1307,0.1307,0.1307,8907.0
2024-09-14 20:10:00,1726344600.0,0.1306,0.1308,0.1305,0.1308,21662.0
2024-09-14 20:11:00,1726344660.0,0.1308,0.1309,0.1308,0.1309,10743.0
2024-09-14 20:12:00,1726344720.0,0.1308,0.1309,0.1308,0.1308,670.0
2024-09-14 20:13:00,1726344780.0,0.1308,0.1308,0.1308,0.1308,287.0
2024-09-14 20:14:00,1726344840.0,0.1308,0.1308,0.1307,0.1307,3673.0
2024-09-14 20:15:00,1726344900.0,0.1308,0.1308,0.1308,0.1308,864.0
2024-09-14 20:16:00,1726344960.0,0.1307,0.1309,0.1306,0.1309,16489.0
2024-09-14 20:17:00,1726345020.0,0.1309,0.1309,0.1309,0.1309,0.0
2024-09-14 20:18:00,1726345080.0,0.1308,0.1308,0.1307,0.1307,8238.0
2024-09-14 20:19:00,1726345140.0,0.1308,0.1309,0.1307,0.1307,6092.0
2024-09-14 20:20:00,1726345200.0,0.1308,0.1308,0.1308,0.1308,664.0
2024-09-14 20:21:00,1726345260.0,0.1308,0.1308,0.1307,0.1308,46567.0
2024-09-14 20:22:00,1726345320.0,0.1308,0.1309,0.1308,0.1308,354.0
2024-09-14 20:23:00,1726345380.0,0.1308,0.1308,0.1307,0.1308,1793.0
2024-09-14 20:24:00,1726345440.0,0.1309,0.1313,0.1309,0.1312,65502.0
2024-09-14 20:25:00,1726345500.0,0.1312,0.1312,0.1311,0.1311,4554.0
2024-09-14 20:26:00,1726345560.0,0.1311,0.1314,0.1311,0.1312,53452.0
2024-09-14 20:27:00,1726345620.0,0.1312,0.1312,0.1309,0.1309,124716.0
2024-09-14 20:28:00,1726345680.0,0.1309,0.131,0.1309,0.131,12300.0
2024-09-14 20:29:00,1726345740.0,0.1309,0.1309,0.1308,0.1308,15898.0
2024-09-14 20:30:00,1726345800.0,0.1309,0.1309,0.1308,0.1308,6915.0
2024-09-14 20:31:00,1726345860.0,0.1308,0.1308,0.1307,0.1307,12100.0
2024-09-14 20:32:00,1726345920.0,0.1308,0.1309,0.1308,0.1309,11380.0
2024-09-14 20:33:00,1726345980.0,0.131,0.131,0.1308,0.1309,18258.0
2024-09-14 20:34:00,1726346040.0,0.1309,0.131,0.1308,0.131,5113.0
2024-09-14 20:35:00,1726346100.0,0.131,0.131,0.131,0.131,4038.0
2024-09-14 20:36:00,1726346160.0,0.131,0.131,0.131,0.131,11110.0
2024-09-14 20:37:00,1726346220.0,0.131,0.131,0.131,0.131,5000.0
2024-09-14 20:38:00,1726346280.0,0.131,0.131,0.1309,0.1309,2117.0
2024-09-14 20:39:00,1726346340.0,0.1309,0.131,0.1308,0.131,21384.0
2024-09-14 20:40:00,1726346400.0,0.131,0.1311,0.131,0.1311,15952.0
2024-09-14 20:41:00,1726346460.0,0.131,0.1311,0.131,0.1311,2532.0
2024-09-14 20:42:00,1726346520.0,0.131,0.131,0.131,0.131,1540.0
2024-09-14 20:43:00,1726346580.0,0.131,0.1311,0.131,0.131,13837.0
2024-09-14 20:44:00,1726346640.0,0.1311,0.1312,0.1311,0.1311,15474.0
2024-09-14 20:45:00,1726346700.0,0.1311,0.1311,0.131,0.1311,27337.0
2024-09-14 20:46:00,1726346760.0,0.1311,0.1312,0.1311,0.1311,3745.0
2024-09-14 20:47:00,1726346820.0,0.1311,0.1312,0.131,0.1311,20190.0
2024-09-14 20:48:00,1726346880.0,0.1311,0.1311,0.131,0.131,244.0
2024-09-14 20:49:00,1726346940.0,0.1311,0.1311,0.1311,0.1311,706.0
2024-09-14 20:50:00,1726347000.0,0.1312,0.1312,0.1311,0.1311,972.0
2024-09-14 20:51:00,1726347060.0,0.1311,0.1312,0.1311,0.1312,517.0
2024-09-14 20:52:00,1726347120.0,0.1312,0.1312,0.1312,0.1312,54.0
2024-09-14 20:53:00,1726347180.0,0.1312,0.1312,0.1312,0.1312,92.0
2024-09-14 20:54:00,1726347240.0,0.1311,0.1313,0.1311,0.1312,13182.0
2024-09-14 20:55:00,1726347300.0,0.1312,0.1312,0.1312,0.1312,4049.0
2024-09-14 20:56:00,1726347360.0,0.1312,0.1312,0.1312,0.1312,0.0
2024-09-14 20:57:00,1726347420.0,0.1312,0.1313,0.1312,0.1312,2730.0
2024-09-14 20:58:00,1726347480.0,0.1312,0.1312,0.1312,0.1312,0.0
2024-09-14 20:59:00,1726347540.0,0.1312,0.1312,0.1312,0.1312,0.0
2024-09-14 21:00:00,1726347600.0,0.1312,0.1312,0.131,0.131,50703.0
2024-09-14 21:01:00,1726347660.0,0.131,0.131,0.1309,0.131,5404.0
2024-09-14 21:02:00,1726347720.0,0.1309,0.131,0.1308,0.1309,17536.0
2024-09-14 21:03:00,1726347780.0,0.131,0.1311,0.1309,0.1309,10690.0
2024-09-14 21:04:00,1726347840.0,0.1309,0.131,0.1309,0.131,198.0
2024-09-14 21:05:00,1726347900.0,0.131,0.131,0.1309,0.131,541.0
2024-09-14 21:06:00,1726347960.0,0.131,0.131,0.1309,0.1309,2850.0
2024-09-14 21:07:00,1726348020.0,0.131,0.131,0.1309,0.131,155.0
2024-09-14 21:08:00,1726348080.0,0.1309,0.131,0.1309,0.131,18796.0
2024-09-14 21:09:00,1726348140.0,0.1309,0.131,0.1309,0.1309,1235.0
2024-09-14 21:10:00,1726348200.0,0.131,0.1311,0.1309,0.1311,13482.0
2024-09-14 21:11:00,1726348260.0,0.131,0.131,0.131,0.131,11259.0
2024-09-14 21:12:00,1726348320.0,0.1309,0.131,0.1309,0.131,993.0
2024-09-14 21:13:00,1726348380.0,0.1309,0.1309,0.1309,0.1309,48.0
2024-09-14 21:14:00,1726348440.0,0.131,0.131,0.1309,0.1309,129.0
2024-09-14 21:15:00,1726348500.0,0.1309,0.1309,0.1309,0.1309,10480.0
2024-09-14 21:16:00,1726348560.0,0.1309,0.1309,0.1308,0.1308,62097.0
2024-09-14 21:17:00,1726348620.0,0.1308,0.1309,0.1307,0.1309,21681.0
2024-09-14 21:18:00,1726348680.0,0.1309,0.131,0.1309,0.1309,10764.0
2024-09-14 21:19:00,1726348740.0,0.1309,0.1309,0.1308,0.1309,6401.0
2024-09-14 21:20:00,1726348800.0,0.1309,0.1309,0.1309,0.1309,336.0
2024-09-14 21:21:00,1726348860.0,0.131,0.1311,0.1309,0.131,19731.0
2024-09-14 21:22:00,1726348920.0,0.131,0.1311,0.131,0.1311,93.0
2024-09-14 21:23:00,1726348980.0,0.131,0.131,0.131,0.131,390.0
2024-09-14 21:24:00,1726349040.0,0.1311,0.1311,0.1311,0.1311,7622.0
2024-09-14 21:25:00,1726349100.0,0.1311,0.1311,0.1309,0.131,16508.0
2024-09-14 21:26:00,1726349160.0,0.131,0.131,0.131,0.131,0.0
2024-09-14 21:27:00,1726349220.0,0.1311,0.1312,0.1311,0.1311,6173.0
2024-09-14 21:28:00,1726349280.0,0.1311,0.1312,0.1311,0.1312,18855.0
2024-09-14 21:29:00,1726349340.0,0.1311,0.1311,0.131,0.131,4360.0
2024-09-14 21:30:00,1726349400.0,0.131,0.131,0.1309,0.1309,10875.0
2024-09-14 21:31:00,1726349460.0,0.131,0.131,0.131,0.131,228.0
2024-09-14 21:32:00,1726349520.0,0.131,0.131,0.131,0.131,39.0
2024-09-14 21:33:00,1726349580.0,0.131,0.131,0.1309,0.1309,1694.0
2024-09-14 21:34:00,1726349640.0,0.1309,0.131,0.1309,0.1309,643.0
2024-09-14 21:35:00,1726349700.0,0.131,0.131,0.1309,0.1309,167.0
2024-09-14 21:36:00,1726349760.0,0.1309,0.131,0.1309,0.131,107.0
2024-09-14 21:37:00,1726349820.0,0.131,0.131,0.1309,0.1309,377.0
2024-09-14 21:38:00,1726349880.0,0.1309,0.1309,0.1309,0.1309,10081.0
2024-09-14 21:39:00,1726349940.0,0.1309,0.1309,0.1308,0.1308,256.0
2024-09-14 21:40:00,1726350000.0,0.1309,0.131,0.1308,0.1309,60100.0
2024-09-14 21:41:00,1726350060.0,0.1309,0.1309,0.1308,0.1309,5735.0
2024-09-14 21:42:00,1726350120.0,0.131,0.131,0.131,0.131,45.0
2024-09-14 21:43:00,1726350180.0,0.1309,0.1309,0.1309,0.1309,48.0
2024-09-14 21:44:00,1726350240.0,0.131,0.131,0.131,0.131,7524.0
2024-09-14 21:45:00,1726350300.0,0.131,0.131,0.131,0.131,45.0
2024-09-14 21:46:00,1726350360.0,0.1309,0.1309,0.1309,0.1309,48.0
2024-09-14 21:47:00,1726350420.0,0.1309,0.1309,0.1309,0.1309,0.0
2024-09-14 21:48:00,1726350480.0,0.131,0.131,0.1309,0.1309,8174.0
2024-09-14 21:49:00,1726350540.0,0.1308,0.1311,0.1308,0.1311,39190.0
2024-09-14 21:50:00,1726350600.0,0.1311,0.1311,0.131,0.131,233.0
2024-09-14 21:51:00,1726350660.0,0.131,0.131,0.131,0.131,243.0
2024-09-14 21:52:00,1726350720.0,0.131,0.131,0.131,0.131,0.0
2024-09-14 21:53:00,1726350780.0,0.1311,0.1311,0.1311,0.1311,31426.0
2024-09-14 21:54:00,1726350840.0,0.1311,0.1312,0.1311,0.1312,7750.0
2024-09-14 21:55:00,1726350900.0,0.1312,0.1312,0.1312,0.1312,1329.0
2024-09-14 21:56:00,1726350960.0,0.1312,0.1312,0.1312,0.1312,1326.0
2024-09-14 21:57:00,1726351020.0,0.1311,0.1311,0.1311,0.1311,91.0
2024-09-14 21:58:00,1726351080.0,0.1311,0.1311,0.1311,0.1311,2810.0
2024-09-14 21:59:00,1726351140.0,0.131,0.131,0.131,0.131,679.0
2024-09-14 22:00:00,1726351200.0,0.131,0.131,0.131,0.131,520.0
2024-09-14 22:01:00,1726351260.0,0.131,0.131,0.1309,0.131,19286.0
2024-09-14 22:02:00,1726351320.0,0.1311,0.1311,0.1311,0.1311,53.0
2024-09-14 22:03:00,1726351380.0,0.131,0.1312,0.131,0.1311,5286.0
2024-09-14 22:04:00,1726351440.0,0.131,0.131,0.1309,0.1309,13171.0
2024-09-14 22:05:00,1726351500.0,0.1309,0.1309,0.1308,0.1309,16277.0
2024-09-14 22:06:00,1726351560.0,0.131,0.131,0.1309,0.1309,8183.0
2024-09-14 22:07:00,1726351620.0,0.1309,0.1309,0.1309,0.1309,552.0
2024-09-14 22:08:00,1726351680.0,0.1309,0.1309,0.1309,0.1309,0.0
2024-09-14 22:09:00,1726351740.0,0.1308,0.1309,0.1307,0.1309,7867.0
2024-09-14 22:10:00,1726351800.0,0.1309,0.1309,0.1307,0.1307,5938.0
2024-09-14 22:11:00,1726351860.0,0.1308,0.1309,0.1308,0.1309,7961.0
2024-09-14 22:12:00,1726351920.0,0.1309,0.1309,0.1307,0.1307,12540.0
2024-09-14 22:13:00,1726351980.0,0.1308,0.1309,0.1308,0.1309,7089.0
2024-09-14 22:14:00,1726352040.0,0.1308,0.1308,0.1308,0.1308,200.0
2024-09-14 22:15:00,1726352100.0,0.1308,0.1308,0.1308,0.1308,0.0
2024-09-14 22:16:00,1726352160.0,0.1308,0.1308,0.1308,0.1308,0.0
2024-09-14 22:17:00,1726352220.0,0.1309,0.1309,0.1307,0.1308,38918.0
2024-09-14 22:18:00,1726352280.0,0.1307,0.1309,0.1307,0.1309,4629.0
2024-09-14 22:19:00,1726352340.0,0.1308,0.1308,0.1307,0.1307,18744.0
2024-09-14 22:20:00,1726352400.0,0.1307,0.1307,0.1307,0.1307,5000.0
2024-09-14 22:21:00,1726352460.0,0.1307,0.1307,0.1307,0.1307,0.0
2024-09-14 22:22:00,1726352520.0,0.1308,0.1308,0.1307,0.1307,45377.0
2024-09-14 22:23:00,1726352580.0,0.1307,0.1307,0.1307,0.1307,0.0
2024-09-14 22:24:00,1726352640.0,0.1307,0.1307,0.1307,0.1307,0.0
2024-09-14 22:25:00,1726352700.0,0.1308,0.1309,0.1308,0.1309,20738.0
2024-09-14 22:26:00,1726352760.0,0.1309,0.131,0.1309,0.131,45233.0
2024-09-14 22:27:00,1726352820.0,0.131,0.131,0.131,0.131,477.0
2024-09-14 22:28:00,1726352880.0,0.1309,0.1309,0.1309,0.1309,60.0
2024-09-14 22:29:00,1726352940.0,0.1309,0.131,0.1309,0.131,18947.0
2024-09-14 22:30:00,1726353000.0,0.1309,0.1309,0.1309,0.1309,1682.0
2024-09-14 22:31:00,1726353060.0,0.131,0.1311,0.131,0.131,49550.0
2024-09-14 22:32:00,1726353120.0,0.131,0.131,0.131,0.131,446.0
2024-09-14 22:33:00,1726353180.0,0.1311,0.1312,0.1311,0.1312,15489.0
2024-09-14 22:34:00,1726353240.0,0.1312,0.1312,0.1312,0.1312,322.0
2024-09-14 22:35:00,1726353300.0,0.1311,0.1311,0.1311,0.1311,4581.0
2024-09-14 22:36:00,1726353360.0,0.1312,0.1313,0.1312,0.1313,11908.0
2024-09-14 22:37:00,1726353420.0,0.1313,0.1313,0.1313,0.1313,0.0
2024-09-14 22:38:00,1726353480.0,0.1312,0.1312,0.1312,0.1312,892.0
2024-09-14 22:39:00,1726353540.0,0.1312,0.1313,0.1312,0.1312,753.0
2024-09-14 22:40:00,1726353600.0,0.1312,0.1314,0.1312,0.1313,5303.0
2024-09-14 22:41:00,1726353660.0,0.1313,0.1314,0.1313,0.1313,25640.0
2024-09-14 22:42:00,1726353720.0,0.1313,0.1314,0.1313,0.1313,18391.0
2024-09-14 22:43:00,1726353780.0,0.1313,0.1313,0.1312,0.1312,563.0
2024-09-14 22:44:00,1726353840.0,0.1312,0.1312,0.1312,0.1312,611.0
2024-09-14 22:45:00,1726353900.0,0.1313,0.1313,0.1313,0.1313,100.0
2024-09-14 22:46:00,1726353960.0,0.1312,0.1312,0.1312,0.1312,1656.0
2024-09-14 22:47:00,1726354020.0,0.1313,0.1313,0.1313,0.1313,1862.0
2024-09-14 22:48:00,1726354080.0,0.1312,0.1312,0.1312,0.1312,745.0
2024-09-14 22:49:00,1726354140.0,0.1312,0.1312,0.1312,0.1312,650.0
2024-09-14 22:50:00,1726354200.0,0.1312,0.1312,0.1312,0.1312,0.0
2024-09-14 22:51:00,1726354260.0,0.1313,0.1313,0.1312,0.1312,522.0
2024-09-14 22:52:00,1726354320.0,0.1312,0.1312,0.1312,0.1312,48.0
2024-09-14 22:53:00,1726354380.0,0.1312,0.1312,0.1312,0.1312,500.0
2024-09-14 22:54:00,1726354440.0,0.1313,0.1313,0.1313,0.1313,47381.0
2024-09-14 22:55:00,1726354500.0,0.1313,0.1313,0.1313,0.1313,9332.0
2024-09-14 22:56:00,1726354560.0,0.1312,0.1312,0.1312,0.1312,285.0
2024-09-14 22:57:00,1726354620.0,0.1312,0.1312,0.1312,0.1312,1380.0
2024-09-14 22:58:00,1726354680.0,0.1312,0.1312,0.1312,0.1312,102.0
2024-09-14 22:59:00,1726354740.0,0.1312,0.1312,0.1311,0.1312,79347.0
2024-09-14 23:00:00,1726354800.0,0.1312,0.1313,0.1312,0.1312,26083.0
2024-09-14 23:01:00,1726354860.0,0.1312,0.1314,0.1312,0.1312,33609.0
2024-09-14 23:02:00,1726354920.0,0.1312,0.1313,0.1312,0.1313,1300.0
2024-09-14 23:03:00,1726354980.0,0.1313,0.1313,0.1313,0.1313,0.0
2024-09-14 23:04:00,1726355040.0,0.1312,0.1312,0.1312,0.1312,261.0
2024-09-14 23:05:00,1726355100.0,0.1313,0.1313,0.1312,0.1313,3309.0
2024-09-14 23:06:00,1726355160.0,0.1312,0.1313,0.1312,0.1313,2555.0
2024-09-14 23:07:00,1726355220.0,0.1313,0.1313,0.1313,0.1313,3625.0
2024-09-14 23:08:00,1726355280.0,0.1313,0.1313,0.1313,0.1313,168.0
2024-09-14 23:09:00,1726355340.0,0.1313,0.1313,0.1313,0.1313,0.0
2024-09-14 23:10:00,1726355400.0,0.1314,0.1314,0.1314,0.1314,234.0
2024-09-14 23:11:00,1726355460.0,0.1313,0.1314,0.1312,0.1314,9111.0
2024-09-14 23:12:00,1726355520.0,0.1314,0.1314,0.1314,0.1314,0.0
2024-09-14 23:13:00,1726355580.0,0.1314,0.1314,0.1314,0.1314,0.0
2024-09-14 23:14:00,1726355640.0,0.1313,0.1313,0.1312,0.1312,1177.0
2024-09-14 23:15:00,1726355700.0,0.1312,0.1314,0.1312,0.1313,897.0
2024-09-14 23:16:00,1726355760.0,0.1314,0.1314,0.1313,0.1314,3214.0
2024-09-14 23:17:00,1726355820.0,0.1313,0.1313,0.1313,0.1313,11168.0
2024-09-14 23:18:00,1726355880.0,0.1313,0.1313,0.1312,0.1312,14652.0
2024-09-14 23:19:00,1726355940.0,0.1312,0.1312,0.1312,0.1312,603.0
2024-09-14 23:20:00,1726356000.0,0.1312,0.1312,0.1312,0.1312,619.0
2024-09-14 23:21:00,1726356060.0,0.1312,0.1312,0.1312,0.1312,3386.0
2024-09-14 23:22:00,1726356120.0,0.1312,0.1312,0.1312,0.1312,75.0
2024-09-14 23:23:00,1726356180.0,0.1312,0.1312,0.1312,0.1312,314.0
2024-09-14 23:24:00,1726356240.0,0.1312,0.1313,0.1312,0.1313,1198.0
2024-09-14 23:25:00,1726356300.0,0.1313,0.1313,0.1313,0.1313,342.0
2024-09-14 23:26:00,1726356360.0,0.1312,0.1312,0.1312,0.1312,11651.0
2024-09-14 23:27:00,1726356420.0,0.1312,0.1312,0.1312,0.1312,1557.0
2024-09-14 23:28:00,1726356480.0,0.1312,0.1312,0.1312,0.1312,0.0
2024-09-14 23:29:00,1726356540.0,0.1311,0.1311,0.1311,0.1311,454.0
2024-09-14 23:30:00,1726356600.0,0.1311,0.1311,0.1311,0.1311,93.0
2024-09-14 23:31:00,1726356660.0,0.1311,0.1311,0.1311,0.1311,0.0
2024-09-14 23:32:00,1726356720.0,0.1311,0.1312,0.1311,0.1312,5251.0
2024-09-14 23:33:00,1726356780.0,0.1312,0.1312,0.1312,0.1312,3949.0
2024-09-14 23:34:00,1726356840.0,0.1313,0.1313,0.1312,0.1313,18935.0
2024-09-14 23:35:00,1726356900.0,0.1312,0.1312,0.1311,0.1312,6843.0
2024-09-14 23:36:00,1726356960.0,0.1312,0.1312,0.1311,0.1311,1974.0
2024-09-14 23:37:00,1726357020.0,0.1311,0.1311,0.1311,0.1311,0.0
2024-09-14 23:38:00,1726357080.0,0.1311,0.1312,0.1311,0.1312,11120.0
2024-09-14 23:39:00,1726357140.0,0.1312,0.1312,0.1312,0.1312,2753.0
2024-09-14 23:40:00,1726357200.0,0.1312,0.1312,0.1312,0.1312,1128.0
2024-09-14 23:41:00,1726357260.0,0.1313,0.1313,0.1313,0.1313,761.0
2024-09-14 23:42:00,1726357320.0,0.1312,0.1315,0.1312,0.1314,38359.0
2024-09-14 23:43:00,1726357380.0,0.1314,0.1315,0.1314,0.1315,2638.0
2024-09-14 23:44:00,1726357440.0,0.1314,0.1314,0.1314,0.1314,242.0
2024-09-14 23:45:00,1726357500.0,0.1314,0.1314,0.1313,0.1314,13062.0
2024-09-14 23:46:00,1726357560.0,0.1314,0.1314,0.1314,0.1314,60.0
2024-09-14 23:47:00,1726357620.0,0.1314,0.1314,0.1314,0.1314,0.0
2024-09-14 23:48:00,1726357680.0,0.1314,0.1314,0.1314,0.1314,60.0
2024-09-14 23:49:00,1726357740.0,0.1313,0.1313,0.1313,0.1313,855.0
2024-09-14 23:50:00,1726357800.0,0.1313,0.1313,0.1313,0.1313,0.0
2024-09-14 23:51:00,1726357860.0,0.1313,0.1313,0.1313,0.1313,0.0
2024-09-14 23:52:00,1726357920.0,0.1313,0.1313,0.1312,0.1313,11168.0
2024-09-14 23:53:00,1726357980.0,0.1312,0.1312,0.1311,0.1312,10030.0
2024-09-14 23:54:00,1726358040.0,0.1311,0.1312,0.1311,0.1312,2141.0
2024-09-14 23:55:00,1726358100.0,0.1311,0.1311,0.1311,0.1311,334.0
2024-09-14 23:56:00,1726358160.0,0.1312,0.1313,0.1312,0.1312,11774.0
2024-09-14 23:57:00,1726358220.0,0.1312,0.1312,0.1312,0.1312,0.0
2024-09-14 23:58:00,1726358280.0,0.1312,0.1312,0.1311,0.1312,1814.0
2024-09-14 23:59:00,1726358340.0,0.1311,0.1311,0.1311,0.1311,69.0
